task_type,input_token_length,output_token_length,domain,multimodal,structured_input,numerical_reasoning,multi_turn_conversation,grounding_required,creativity_level,response_factuality,hallucination_rate,faithfulness_score,BLEU_score,ROUGE_score,accuracy_score,latency_ms,token_throughput,context_window,memory_usage_GB,cost_per_1K_tokens,on_prem_support,cloud_provider,gpu_availability,fine_tuning_available,compliance_requirements,bias_score,LLM
Code Generation,46,202,Technical,0,1,0,0,1,5,2,0.116,0.829,0.223,0.915,0.573,457,265,4096,33.6,0.01656,0,Azure,1,1,HIPAA,0.595,Claude
Code Generation,904,1094,Medical,0,0,0,1,0,3,1,0.023,0.709,0.865,0.57,0.64,713,979,16384,34.5,0.00895,1,OpenAI,0,1,GDPR,0.933,Mistral
Classification,560,344,Finance,1,0,1,1,1,1,5,0.199,0.959,0.131,0.654,0.992,1208,911,16384,23.5,0.01584,0,AWS,1,1,HIPAA,0.446,GPT
Classification,349,568,Finance,0,0,0,1,1,1,3,0.253,0.767,0.296,0.504,0.886,1339,800,16384,26.6,0.00659,1,GCP,0,0,GDPR,0.954,Claude
Summarization,261,1757,General,1,1,1,1,1,2,1,0.084,0.758,0.618,0.16,0.803,272,118,16384,34.3,0.01144,1,OpenAI,1,1,None,0.558,Mistral
Text Generation,978,1130,Legal,0,1,0,0,1,2,3,0.217,0.638,0.166,0.981,0.954,1281,112,16384,36.6,0.01913,0,Azure,0,1,None,0.938,Claude
Text Generation,752,578,Legal,0,1,0,1,0,3,4,0.206,0.706,0.883,0.318,0.544,1494,955,16384,33.3,0.01277,0,OpenAI,1,0,HIPAA,0.919,GPT
Classification,163,36,Legal,0,1,1,0,1,2,3,0.129,0.832,0.542,0.817,0.762,122,102,4096,12.4,0.01328,1,AWS,1,0,HIPAA,0.748,GPT
Text Generation,780,682,Legal,1,1,1,0,1,3,2,0.265,0.601,0.828,0.573,0.836,628,355,8192,35.4,0.01431,1,OpenAI,1,0,HIPAA,0.664,Claude
QA,509,579,Legal,0,1,1,0,1,3,3,0.028,0.624,0.922,0.883,0.803,1221,14,4096,26.5,0.00511,1,AWS,0,0,None,0.802,Claude
Summarization,858,544,Medical,1,0,1,1,1,3,2,0.229,0.631,0.616,0.576,0.68,1107,354,4096,4.9,0.01828,1,OpenAI,0,0,None,0.921,Mistral
Code Generation,120,1717,Technical,0,1,1,1,1,4,4,0.166,0.804,0.537,0.898,0.816,478,679,8192,8.8,0.01397,0,OpenAI,0,0,HIPAA,0.298,GPT
Text Generation,580,1169,Finance,0,0,1,1,1,5,3,0.161,0.756,0.539,0.325,0.728,1264,468,16384,39.2,0.01964,0,Azure,0,0,HIPAA,0.985,GPT
Classification,355,1627,Medical,0,0,1,0,0,4,5,0.13,0.634,0.793,0.291,0.784,1112,588,8192,10.9,0.01964,0,OpenAI,0,0,HIPAA,0.3,GPT
Classification,650,83,Medical,1,1,0,0,0,5,3,0.176,0.865,0.428,0.893,0.674,406,174,8192,20.8,0.01705,0,GCP,1,0,GDPR,0.262,Mistral
Code Generation,704,624,Medical,1,1,0,0,0,1,4,0.054,0.621,0.662,0.689,0.745,1291,578,8192,16.2,0.00463,0,Azure,0,0,None,0.819,Mistral
Text Generation,950,1547,Medical,0,0,1,1,1,5,4,0.281,0.874,0.62,0.405,0.523,957,807,16384,25.5,0.01963,1,GCP,0,1,GDPR,0.444,Mistral
Summarization,63,405,Finance,0,1,1,0,0,1,2,0.132,0.759,0.423,0.798,0.558,815,332,4096,5.5,0.01351,1,OpenAI,1,0,HIPAA,0.189,Claude
Summarization,182,990,Medical,0,1,0,0,1,4,4,0.265,0.864,0.357,0.588,0.56,529,375,4096,38.9,0.01636,0,AWS,1,1,GDPR,0.733,Mistral
Classification,248,1780,Medical,1,1,1,0,1,5,3,0.111,0.882,0.43,0.658,0.53,143,19,8192,18.1,0.01387,1,OpenAI,0,0,None,0.993,Mistral
Text Generation,943,858,Legal,1,0,0,0,1,2,2,0.248,0.793,0.26,0.489,0.909,728,318,4096,20.4,0.01234,0,AWS,1,0,GDPR,0.57,Claude
Classification,751,1759,Legal,0,0,0,1,1,4,3,0.15,0.907,0.234,0.892,0.925,1062,743,8192,30.0,0.00617,1,GCP,0,0,None,0.558,Claude
Text Generation,277,1121,Finance,0,1,1,0,0,5,1,0.184,0.942,0.658,0.3,0.781,122,852,16384,17.1,0.01549,0,OpenAI,1,0,HIPAA,0.275,GPT
Text Generation,435,444,Legal,1,0,1,1,0,3,5,0.233,0.657,0.432,0.585,0.695,121,393,4096,16.9,0.01089,1,AWS,1,0,HIPAA,0.18,Mistral
Summarization,22,1778,Legal,1,0,0,1,1,2,5,0.248,0.862,0.473,0.971,0.855,77,627,8192,4.6,0.01336,0,OpenAI,1,1,None,0.681,Mistral
Text Generation,234,660,General,0,1,0,1,0,4,2,0.174,0.763,0.171,0.834,0.717,331,869,8192,13.2,0.00543,1,AWS,1,1,HIPAA,0.513,Claude
Classification,318,1586,Legal,1,0,0,1,0,5,3,0.066,0.739,0.412,0.966,0.854,437,159,4096,12.8,0.00322,1,AWS,1,1,HIPAA,0.511,Claude
Text Generation,499,697,General,0,1,0,0,0,1,4,0.216,0.7,0.318,0.738,0.83,1169,126,16384,24.4,0.01657,0,OpenAI,1,0,HIPAA,0.294,Claude
Summarization,102,277,Technical,1,0,0,0,0,5,4,0.297,0.667,0.556,0.579,0.909,1105,426,4096,31.4,0.00907,0,OpenAI,1,1,HIPAA,0.545,Claude
Summarization,816,965,Technical,0,0,0,0,1,1,4,0.152,0.664,0.787,0.343,0.528,1063,830,4096,10.6,0.01553,0,AWS,1,0,HIPAA,0.238,GPT
Text Generation,709,1820,Legal,1,0,0,1,0,5,2,0.212,0.928,0.585,0.87,0.88,457,211,16384,22.4,0.01358,1,GCP,0,0,HIPAA,0.623,GPT
Text Generation,446,1794,General,0,0,0,1,0,5,2,0.208,0.601,0.462,0.342,0.96,797,101,16384,28.9,0.00731,1,GCP,0,1,HIPAA,0.276,Claude
Classification,148,419,General,0,1,0,1,1,1,4,0.29,0.845,0.613,0.165,0.653,595,247,16384,12.2,0.01375,0,AWS,1,0,HIPAA,0.486,GPT
Classification,965,1049,Legal,1,0,0,1,0,1,1,0.154,0.778,0.896,0.609,0.806,1108,905,8192,20.4,0.0059,0,GCP,0,0,HIPAA,0.366,Claude
Code Generation,54,273,Legal,1,1,1,1,1,3,1,0.172,0.847,0.597,0.23,0.803,1461,820,4096,34.8,0.00366,0,Azure,1,1,None,0.359,Mistral
Code Generation,335,855,General,1,1,1,1,1,2,1,0.154,0.771,0.653,0.417,0.501,1360,772,8192,4.6,0.0166,0,OpenAI,1,0,GDPR,0.236,GPT
QA,714,1939,Finance,0,0,0,1,1,5,4,0.129,0.682,0.534,0.741,0.862,858,462,16384,20.0,0.00221,0,AWS,0,0,None,0.545,GPT
Code Generation,363,913,Technical,1,1,1,0,1,4,1,0.051,0.801,0.931,0.188,0.649,1058,610,8192,33.9,0.00717,1,AWS,0,1,None,0.262,GPT
Text Generation,753,1067,General,0,1,1,1,1,5,2,0.058,0.612,0.534,0.305,0.63,1008,967,4096,12.6,0.01807,1,GCP,0,1,GDPR,0.899,GPT
Code Generation,631,963,Medical,0,0,1,1,0,2,5,0.039,0.779,0.444,0.602,0.652,368,76,8192,25.8,0.00345,0,OpenAI,1,0,HIPAA,0.382,Claude
Text Generation,448,1817,Legal,0,1,1,1,1,5,2,0.03,0.682,0.763,0.787,0.944,1456,354,16384,16.6,0.01892,1,Azure,1,1,GDPR,0.816,GPT
Code Generation,151,42,Legal,1,1,0,0,1,1,1,0.23,0.682,0.457,0.827,0.987,1374,43,16384,39.0,0.00589,0,AWS,1,0,None,0.522,Claude
QA,167,723,Finance,0,0,0,0,0,3,5,0.069,0.858,0.844,0.218,0.77,842,61,16384,7.7,0.0193,0,Azure,0,0,GDPR,0.386,Mistral
QA,792,771,Medical,1,1,0,0,1,5,2,0.081,0.601,0.93,0.459,0.828,205,654,8192,14.2,0.01738,1,Azure,0,0,None,0.78,Claude
Code Generation,807,1471,General,1,1,1,1,1,1,5,0.03,0.613,0.15,0.732,0.63,1165,374,4096,31.4,0.00952,0,AWS,0,1,HIPAA,0.437,Mistral
QA,919,1195,Technical,1,0,0,0,1,4,5,0.215,0.888,0.91,0.701,0.903,367,691,4096,21.7,0.01059,1,OpenAI,0,1,GDPR,0.81,GPT
QA,439,720,Medical,0,0,1,1,1,1,4,0.276,0.723,0.113,0.194,0.81,1226,924,16384,22.8,0.01445,1,AWS,0,0,HIPAA,0.198,Mistral
Classification,105,532,General,1,0,0,0,0,2,5,0.192,0.901,0.281,0.683,0.906,829,167,4096,24.9,0.00904,0,OpenAI,0,0,HIPAA,0.165,GPT
Classification,664,104,Technical,0,0,1,1,1,5,2,0.286,0.665,0.723,0.301,0.854,1304,334,8192,13.1,0.00533,0,GCP,1,1,GDPR,0.297,Claude
Classification,526,479,Medical,1,1,0,0,0,2,4,0.288,0.802,0.96,0.566,0.818,185,621,8192,10.4,0.01205,0,GCP,1,0,HIPAA,0.761,GPT
Classification,365,701,Technical,1,0,1,0,0,3,3,0.14,0.965,0.205,0.98,0.873,159,43,8192,21.0,0.01373,1,Azure,0,0,None,0.279,GPT
Summarization,303,837,General,0,0,0,1,1,4,2,0.214,0.921,0.555,0.878,0.967,150,463,4096,4.3,0.00921,0,AWS,0,1,None,0.541,Mistral
Text Generation,622,2006,Finance,0,0,1,1,0,3,1,0.236,0.853,0.852,0.724,0.64,937,436,16384,28.2,0.00926,0,GCP,0,0,None,0.288,GPT
Classification,513,369,General,0,1,0,1,1,2,4,0.105,0.71,0.342,0.494,0.698,1344,643,16384,16.3,0.01465,0,Azure,0,0,None,0.222,Mistral
Text Generation,759,1986,Technical,0,1,1,1,0,3,2,0.176,0.616,0.562,0.136,0.96,201,898,8192,26.4,0.01262,1,Azure,0,1,HIPAA,0.691,GPT
Text Generation,640,678,Finance,0,0,0,0,0,2,3,0.276,0.859,0.455,0.159,0.898,917,247,4096,33.3,0.01615,1,AWS,0,0,HIPAA,0.565,Claude
Text Generation,596,1943,Technical,0,1,1,1,0,4,4,0.272,0.966,0.633,0.116,0.606,723,76,4096,30.3,0.00498,1,Azure,0,0,GDPR,0.528,GPT
Text Generation,573,1565,General,0,0,1,1,1,3,1,0.161,0.819,0.875,0.205,0.692,278,381,4096,30.9,0.00714,0,GCP,1,1,None,0.449,Claude
Classification,603,1172,General,0,1,1,1,0,2,5,0.132,0.987,0.187,0.572,0.893,743,733,16384,35.1,0.01937,1,AWS,1,1,HIPAA,0.38,Claude
Classification,902,453,General,0,1,0,0,0,2,5,0.256,0.661,0.983,0.415,0.716,1306,465,8192,32.9,0.01043,0,AWS,1,1,GDPR,0.662,Claude
QA,321,1932,General,0,0,1,0,0,1,3,0.127,0.635,0.585,0.275,0.98,51,959,4096,16.1,0.01188,1,AWS,1,1,None,0.608,Mistral
Classification,666,1569,General,1,0,1,0,0,2,5,0.081,0.626,0.586,0.308,0.843,918,557,16384,20.8,0.01068,0,Azure,1,0,HIPAA,0.503,Claude
Code Generation,516,1407,Finance,1,0,0,0,1,2,2,0.176,0.601,0.571,0.899,0.728,1360,64,16384,7.4,0.01652,0,GCP,0,1,HIPAA,0.287,Claude
QA,629,1034,Finance,0,0,0,0,1,2,3,0.068,0.627,0.877,0.143,0.524,352,924,8192,12.3,0.0156,1,OpenAI,0,0,HIPAA,0.253,Claude
QA,376,1704,Medical,1,0,0,0,1,2,1,0.017,0.997,0.258,0.22,0.527,423,904,16384,37.9,0.01763,1,AWS,0,0,GDPR,0.649,Claude
Text Generation,90,33,Legal,1,0,0,0,0,5,2,0.287,0.997,0.57,0.1,0.551,1344,551,4096,6.2,0.01594,0,Azure,0,1,None,0.318,Claude
Code Generation,259,2016,Legal,0,0,0,1,0,4,5,0.296,0.803,0.286,0.792,0.571,1435,768,8192,33.6,0.01206,0,OpenAI,0,1,None,0.175,Mistral
Classification,106,1368,Finance,1,1,0,0,0,2,2,0.134,0.839,0.304,0.298,0.783,133,669,8192,36.6,0.01149,0,AWS,1,0,GDPR,0.93,Claude
Text Generation,642,862,Legal,1,1,1,0,1,4,3,0.091,0.612,0.229,0.322,0.904,591,266,16384,35.3,0.01709,1,OpenAI,1,0,None,0.178,GPT
Classification,893,199,Finance,0,0,1,1,0,1,5,0.179,0.813,0.649,0.471,0.658,1055,135,4096,15.6,0.00539,0,AWS,1,1,None,0.388,Claude
QA,563,352,Finance,1,1,0,1,0,3,3,0.284,0.998,0.824,0.303,0.801,1309,397,4096,26.7,0.00736,1,AWS,1,0,HIPAA,0.135,GPT
Summarization,520,1333,Technical,1,0,0,0,0,2,2,0.062,0.885,0.611,0.698,0.578,405,786,8192,37.2,0.01385,1,GCP,1,1,GDPR,0.169,GPT
Classification,419,300,Medical,1,0,0,0,1,2,5,0.032,0.83,0.15,0.361,0.572,1179,381,4096,14.9,0.00653,0,Azure,0,0,HIPAA,0.717,Mistral
Code Generation,221,798,General,1,1,0,1,0,4,2,0.159,0.686,0.746,0.777,0.588,781,425,4096,5.8,0.00591,1,Azure,0,0,HIPAA,0.612,Mistral
QA,301,1533,General,0,1,0,0,1,2,2,0.174,0.714,0.298,0.78,0.718,1421,683,4096,11.2,0.01468,1,OpenAI,1,1,None,0.296,Mistral
Classification,815,303,Medical,0,1,1,0,1,2,1,0.052,0.792,0.91,0.479,0.84,776,233,8192,12.2,0.00764,0,OpenAI,0,0,HIPAA,0.701,Mistral
Summarization,278,403,Medical,0,1,0,1,1,4,1,0.109,0.847,0.645,0.505,0.529,1110,16,8192,33.4,0.00554,0,Azure,1,0,HIPAA,0.973,Claude
Text Generation,969,1197,General,0,0,1,0,0,3,5,0.032,0.749,0.83,0.169,0.687,1472,993,8192,15.2,0.01408,0,GCP,1,1,None,0.543,GPT
Text Generation,668,1524,General,1,1,0,1,1,5,4,0.056,0.725,0.789,0.825,0.691,519,950,8192,11.8,0.00351,0,AWS,0,1,GDPR,0.693,GPT
Text Generation,265,1158,Legal,1,1,0,0,1,5,2,0.098,0.987,0.476,0.123,0.796,145,745,8192,31.0,0.00815,0,Azure,0,1,GDPR,0.804,Claude
QA,770,1348,Medical,1,0,1,1,0,4,2,0.193,0.702,0.826,0.405,0.96,1193,842,8192,37.2,0.00811,0,AWS,0,0,GDPR,0.474,Mistral
Summarization,205,971,General,0,1,1,0,0,5,2,0.021,0.921,0.995,0.105,0.625,1266,271,4096,21.2,0.01329,1,Azure,0,0,GDPR,0.64,Mistral
Text Generation,939,1316,Medical,0,1,0,0,0,1,4,0.057,0.979,0.309,0.818,0.815,381,726,16384,5.3,0.0198,1,AWS,0,1,None,0.746,GPT
Classification,905,228,Legal,0,1,0,1,0,3,2,0.232,0.797,0.336,0.172,0.783,451,669,8192,34.5,0.01061,1,GCP,1,1,GDPR,0.823,Claude
Code Generation,334,177,Medical,0,0,1,1,1,4,2,0.289,0.792,0.252,0.665,0.722,185,241,8192,40.0,0.01627,0,Azure,0,0,HIPAA,0.768,GPT
Summarization,968,329,Legal,0,0,0,0,0,3,1,0.121,0.93,0.293,0.128,0.766,1156,631,16384,17.9,0.0072,1,OpenAI,0,1,GDPR,0.577,Mistral
Summarization,686,804,Finance,1,0,0,0,1,2,5,0.106,0.903,0.277,0.145,0.844,999,181,4096,25.2,0.01121,0,AWS,1,0,HIPAA,0.418,Mistral
Summarization,436,1303,Medical,1,0,1,0,1,3,1,0.114,0.836,0.535,0.498,0.575,1302,722,8192,21.9,0.00604,0,OpenAI,0,1,GDPR,0.46,GPT
Classification,402,1030,Finance,1,0,0,0,1,4,3,0.268,0.98,0.961,0.142,0.744,634,960,8192,8.9,0.01634,1,Azure,0,0,HIPAA,0.221,Mistral
QA,492,1814,Legal,0,0,1,0,0,5,3,0.047,0.614,0.678,0.198,0.996,682,748,4096,26.5,0.01116,0,GCP,0,1,None,0.143,Claude
Code Generation,356,134,Technical,0,1,1,0,1,2,3,0.152,0.899,0.425,0.552,0.909,359,861,4096,19.2,0.00831,1,Azure,1,1,None,0.127,Mistral
Classification,234,772,General,0,1,0,0,1,4,3,0.107,0.911,0.496,0.9,0.776,1022,607,8192,19.7,0.0049,1,Azure,1,0,GDPR,0.19,Claude
Code Generation,305,1948,Legal,1,0,0,0,1,4,2,0.173,0.997,0.949,0.361,0.774,420,425,4096,8.0,0.01653,0,OpenAI,1,0,HIPAA,0.821,GPT
Text Generation,462,1376,Medical,1,1,0,0,1,4,5,0.287,0.745,0.463,0.509,0.547,1143,303,16384,33.8,0.01366,0,AWS,0,1,HIPAA,0.254,Claude
Classification,718,1049,Technical,1,1,1,0,0,2,5,0.215,0.865,0.398,0.448,0.875,744,510,16384,17.7,0.01455,0,AWS,1,0,GDPR,0.201,Mistral
Classification,831,547,Technical,0,1,0,1,1,2,5,0.084,0.665,0.222,0.877,0.791,844,537,16384,25.7,0.008,0,GCP,1,1,HIPAA,0.934,GPT
Text Generation,846,33,Medical,1,0,1,0,0,4,5,0.204,0.946,0.528,0.499,0.727,81,153,4096,20.1,0.01387,0,GCP,0,0,HIPAA,0.983,GPT
Classification,880,122,Finance,1,1,0,1,0,3,3,0.151,0.956,0.307,0.148,0.724,809,371,4096,9.8,0.0159,0,OpenAI,0,1,HIPAA,0.263,Mistral
Classification,51,1662,Technical,1,0,0,1,0,1,5,0.131,0.981,0.676,0.86,0.581,482,100,16384,34.5,0.00276,1,Azure,0,1,None,0.548,Mistral
Summarization,695,2029,Finance,0,0,0,0,0,1,4,0.263,0.671,0.276,0.511,0.955,498,926,8192,34.7,0.00394,0,AWS,1,0,HIPAA,0.972,Claude
Text Generation,649,1076,Medical,1,0,0,0,1,1,5,0.121,0.982,0.503,0.851,0.644,210,876,8192,18.9,0.01896,0,Azure,0,0,HIPAA,0.776,GPT
Code Generation,662,185,Legal,1,0,0,0,0,4,4,0.134,0.638,0.843,0.782,0.552,74,82,8192,27.1,0.01582,0,GCP,1,1,GDPR,0.843,Claude
QA,57,1923,Medical,0,0,1,1,1,2,4,0.043,0.709,0.314,0.848,0.831,232,861,16384,5.7,0.01213,0,OpenAI,1,1,None,0.843,Claude
Text Generation,746,1045,Legal,0,1,0,0,0,4,5,0.205,0.695,0.882,0.613,0.889,1411,82,8192,26.5,0.01613,1,Azure,1,1,GDPR,0.26,Mistral
Code Generation,182,1795,General,0,1,0,1,0,2,5,0.019,0.958,0.101,0.786,0.836,600,893,8192,10.7,0.01927,1,OpenAI,1,0,HIPAA,0.409,GPT
Classification,396,1967,Medical,1,0,0,0,0,1,5,0.282,0.845,0.447,0.518,0.738,82,778,4096,13.5,0.00922,1,Azure,0,0,None,0.853,Mistral
Text Generation,777,1201,Legal,0,1,1,0,0,3,1,0.243,0.799,0.258,0.953,0.97,235,112,8192,29.4,0.00437,1,Azure,1,1,HIPAA,0.93,GPT
Summarization,348,2048,General,1,0,1,0,0,4,4,0.295,0.827,0.613,0.324,0.719,1085,163,16384,27.4,0.00697,1,AWS,1,0,GDPR,0.933,Claude
Summarization,907,36,Finance,1,0,1,1,1,3,5,0.021,0.749,0.378,0.455,0.968,181,322,8192,22.9,0.01376,1,GCP,1,0,None,0.997,GPT
Classification,837,1291,Finance,0,0,1,1,0,1,3,0.247,0.932,0.601,0.18,0.946,357,281,4096,14.8,0.01971,0,OpenAI,0,0,HIPAA,0.207,Claude
Summarization,666,1351,Medical,0,1,1,0,1,1,4,0.039,0.891,0.195,0.784,0.507,1297,809,8192,21.7,0.00489,1,AWS,1,0,GDPR,0.154,Claude
Text Generation,690,1444,Legal,0,1,0,0,0,2,4,0.092,0.777,0.327,0.457,0.912,1102,64,8192,24.2,0.01417,0,OpenAI,1,1,GDPR,0.209,GPT
Code Generation,491,1200,General,0,0,0,0,0,5,3,0.139,0.898,0.358,0.745,0.694,1017,260,16384,11.1,0.00372,1,OpenAI,1,1,None,0.621,Mistral
Code Generation,404,809,Finance,1,0,0,0,0,5,5,0.068,0.929,0.49,0.897,0.826,1493,553,4096,38.8,0.00408,0,AWS,1,1,None,0.483,GPT
Text Generation,614,255,Technical,1,0,1,1,0,3,5,0.03,0.634,0.563,0.263,0.961,1362,889,8192,36.5,0.01815,0,OpenAI,0,1,GDPR,0.755,Claude
Classification,1022,1621,Medical,0,0,0,0,0,4,4,0.106,0.971,0.789,0.577,0.897,923,711,4096,11.0,0.00808,0,GCP,0,0,None,0.512,Mistral
Summarization,119,284,Legal,1,1,1,0,1,1,3,0.11,0.801,0.334,0.758,0.767,644,964,8192,19.8,0.00998,1,AWS,0,0,None,0.373,GPT
Text Generation,808,122,Legal,1,0,0,0,0,3,1,0.096,0.974,0.489,0.903,0.51,925,325,4096,6.6,0.00251,0,GCP,1,1,GDPR,0.936,Mistral
Text Generation,641,1918,Finance,0,1,1,0,0,3,4,0.249,0.883,0.596,0.416,0.607,852,578,16384,14.8,0.01221,1,Azure,0,0,HIPAA,0.755,Claude
Code Generation,300,1938,General,1,1,0,0,1,5,3,0.297,0.719,0.949,0.662,0.536,476,26,8192,9.6,0.01766,1,AWS,0,0,None,0.502,GPT
QA,283,303,Technical,0,1,1,0,1,2,2,0.235,0.806,0.439,0.762,0.754,951,997,4096,32.3,0.00519,0,Azure,0,0,GDPR,0.438,Claude
QA,232,115,Medical,1,1,1,1,0,3,1,0.191,0.741,0.967,0.702,0.704,735,309,16384,6.7,0.00714,0,AWS,0,1,HIPAA,0.56,Claude
Code Generation,178,904,Medical,1,1,1,0,0,3,4,0.261,0.848,0.297,0.632,0.719,466,437,4096,33.2,0.0124,1,AWS,0,1,HIPAA,0.632,Claude
QA,466,1593,General,0,1,1,1,0,4,3,0.143,0.937,0.636,0.945,0.984,740,345,8192,29.5,0.0066,0,AWS,1,1,GDPR,0.7,Claude
QA,116,1023,Technical,0,1,0,1,0,2,4,0.284,0.601,0.253,0.207,0.536,396,823,8192,17.8,0.01683,0,AWS,1,0,GDPR,0.938,Claude
Summarization,279,1435,Finance,1,1,0,0,1,5,5,0.11,0.871,0.216,0.43,0.571,1131,888,16384,13.7,0.01276,1,AWS,0,1,HIPAA,0.467,GPT
QA,1013,157,Technical,0,0,1,0,1,1,1,0.142,0.845,0.311,0.69,0.96,671,608,16384,19.8,0.00249,0,OpenAI,0,0,GDPR,0.703,GPT
Text Generation,975,1134,Technical,1,0,0,0,0,5,1,0.273,0.693,0.975,0.878,0.848,1433,952,8192,6.3,0.01753,1,AWS,1,1,GDPR,0.746,Claude
Classification,930,1040,Finance,0,0,0,1,1,1,4,0.146,0.987,0.923,0.469,0.609,1338,748,16384,39.8,0.00521,1,GCP,0,0,GDPR,0.918,GPT
Classification,897,349,Legal,0,1,0,1,0,4,5,0.118,0.743,0.131,0.788,0.655,207,205,16384,25.4,0.00825,1,GCP,1,1,HIPAA,0.807,Claude
Code Generation,608,1709,Finance,0,1,1,0,0,4,3,0.122,0.77,0.391,0.364,0.635,1331,17,16384,32.0,0.01779,0,OpenAI,1,0,None,0.312,Mistral
Summarization,659,364,Legal,1,0,1,1,0,4,5,0.068,0.687,0.262,0.734,0.501,1430,87,4096,23.4,0.01217,1,AWS,1,0,GDPR,0.161,Mistral
Code Generation,202,779,Medical,1,1,0,1,0,2,5,0.166,0.677,0.475,0.863,0.604,740,743,8192,35.0,0.00942,1,OpenAI,1,1,HIPAA,0.463,GPT
QA,692,2006,Technical,0,1,0,1,0,3,1,0.015,0.898,0.99,0.22,0.502,947,70,16384,15.9,0.0048,1,GCP,1,1,None,0.189,Claude
QA,615,40,Finance,1,1,1,1,1,4,1,0.105,0.777,0.663,0.867,0.607,1447,714,8192,27.2,0.01734,0,AWS,0,1,GDPR,0.543,Claude
Summarization,178,217,Finance,0,0,1,1,0,2,3,0.217,0.912,0.497,0.745,0.56,318,117,16384,12.5,0.00879,0,AWS,0,1,GDPR,0.485,GPT
QA,552,597,Finance,1,0,0,0,1,4,2,0.135,0.889,0.245,0.47,0.994,1288,1000,8192,22.5,0.01171,1,OpenAI,0,1,GDPR,0.604,Claude
Classification,378,1153,General,1,0,0,1,1,3,4,0.259,0.919,0.921,0.709,0.95,526,122,4096,26.8,0.00417,1,OpenAI,1,1,None,0.135,GPT
Classification,416,1952,General,1,1,0,1,1,1,2,0.02,0.756,0.558,0.418,0.927,701,796,16384,22.3,0.0178,1,GCP,1,0,GDPR,0.343,Mistral
QA,451,812,Technical,1,0,1,1,1,3,5,0.148,0.972,0.597,0.773,0.979,737,155,8192,9.7,0.01857,0,AWS,1,1,HIPAA,0.364,GPT
Text Generation,212,1405,General,1,1,1,0,0,2,5,0.127,0.727,0.493,0.748,0.642,540,652,4096,30.4,0.00571,1,AWS,0,1,HIPAA,0.767,Claude
QA,656,775,Legal,0,0,0,0,1,4,5,0.097,0.647,0.369,0.458,0.654,68,423,8192,34.9,0.00991,1,GCP,0,0,None,0.853,GPT
Classification,483,35,Finance,1,1,0,1,0,1,2,0.128,0.905,0.112,0.211,0.653,1423,446,8192,5.2,0.00916,1,OpenAI,0,0,GDPR,0.707,GPT
QA,859,1059,Finance,0,1,0,1,1,2,5,0.279,0.98,0.526,0.824,0.855,1339,384,4096,30.7,0.00898,0,Azure,0,1,HIPAA,0.537,Mistral
Summarization,49,1138,Technical,0,0,0,0,0,2,2,0.218,0.904,0.613,0.976,0.581,1009,199,4096,6.6,0.01425,1,OpenAI,1,1,HIPAA,0.45,Mistral
QA,111,197,General,1,0,0,0,1,1,4,0.294,0.668,0.562,0.191,0.704,1145,383,4096,5.9,0.01343,0,GCP,1,0,HIPAA,0.399,Claude
Classification,152,561,General,0,0,0,0,1,2,1,0.039,0.783,0.449,0.399,0.657,751,77,16384,8.7,0.01835,0,OpenAI,1,1,None,0.833,Claude
Summarization,77,1661,Technical,0,0,1,0,1,5,4,0.079,0.743,0.572,0.677,0.575,116,931,4096,35.7,0.00274,1,AWS,0,1,HIPAA,0.234,Claude
QA,790,1701,Legal,1,1,1,0,1,1,4,0.026,0.816,0.647,0.831,0.875,592,351,4096,31.4,0.01136,1,AWS,1,0,None,0.581,Claude
Text Generation,506,1494,Legal,0,1,0,1,1,4,5,0.126,0.971,0.431,0.57,0.744,333,174,8192,27.9,0.01241,0,AWS,0,1,GDPR,0.662,Mistral
Classification,196,1322,Legal,0,1,0,1,1,3,4,0.232,0.933,0.912,0.461,0.802,1263,914,4096,14.6,0.01312,1,OpenAI,1,0,None,0.633,Mistral
Classification,317,537,Technical,0,0,1,0,0,5,1,0.131,0.815,0.123,0.941,0.829,1002,648,16384,35.4,0.01793,0,OpenAI,1,1,None,0.643,Claude
Classification,372,2001,Legal,0,1,1,0,0,3,4,0.211,0.965,0.56,0.997,0.814,339,903,4096,29.6,0.01405,1,OpenAI,1,0,None,0.645,Mistral
Classification,749,1110,Finance,1,0,1,0,1,2,4,0.075,0.897,0.264,0.585,0.907,543,843,16384,37.5,0.0049,0,Azure,1,0,HIPAA,0.522,GPT
QA,811,950,Technical,0,0,1,1,1,4,1,0.015,0.781,0.693,0.542,0.554,1250,686,16384,16.0,0.00922,0,OpenAI,1,1,None,0.983,Mistral
Text Generation,427,1058,Finance,0,1,1,0,1,4,5,0.18,0.847,0.406,0.839,0.575,1403,161,4096,17.8,0.01645,1,GCP,0,0,None,0.442,GPT
Classification,725,64,Technical,1,1,0,0,0,3,4,0.209,0.781,0.821,0.87,0.624,496,677,4096,10.3,0.00827,0,OpenAI,1,0,HIPAA,0.232,GPT
Code Generation,106,1623,General,0,1,0,0,1,3,2,0.207,0.694,0.445,0.603,0.742,68,413,8192,5.4,0.01969,0,Azure,0,0,GDPR,0.355,GPT
Text Generation,985,1550,Legal,1,1,1,0,1,3,3,0.158,0.815,0.544,0.832,0.66,1242,853,16384,39.6,0.00768,0,Azure,1,1,None,0.221,Mistral
QA,55,1637,Technical,0,0,0,0,0,3,1,0.28,0.987,0.319,0.536,0.665,964,702,16384,33.9,0.01912,0,Azure,0,1,None,0.16,Claude
QA,1000,1309,Legal,0,0,0,0,0,4,5,0.282,0.601,0.562,0.204,0.893,884,72,4096,36.4,0.01485,1,AWS,0,0,None,0.677,Mistral
Classification,482,1089,General,0,0,1,1,0,1,2,0.118,0.739,0.416,0.582,0.893,53,149,4096,31.9,0.00767,0,GCP,0,1,GDPR,0.917,Mistral
Code Generation,499,1663,Legal,1,1,0,1,1,4,4,0.173,0.875,0.364,0.257,0.591,1212,239,8192,30.7,0.00984,1,OpenAI,0,1,HIPAA,0.9,Claude
QA,970,1269,Legal,1,0,0,1,0,4,3,0.282,0.837,0.73,0.783,0.741,1081,832,8192,31.5,0.01819,1,OpenAI,1,0,None,0.513,GPT
Code Generation,601,84,Legal,0,0,1,0,1,1,1,0.047,0.884,0.346,0.428,0.783,372,942,8192,6.7,0.00372,1,AWS,1,0,HIPAA,0.943,GPT
Summarization,474,1842,General,0,1,0,0,0,1,1,0.105,0.874,0.189,0.681,0.821,129,461,16384,31.0,0.00626,0,AWS,1,1,GDPR,0.851,Mistral
Classification,712,1196,Legal,1,1,1,0,0,2,4,0.154,0.814,0.652,0.362,0.877,774,273,4096,11.9,0.00487,1,GCP,1,1,HIPAA,0.293,Claude
QA,702,454,Finance,0,0,1,0,1,5,4,0.294,0.677,0.477,0.4,0.965,207,137,16384,34.8,0.00264,1,OpenAI,0,1,GDPR,0.103,Mistral
Code Generation,946,1691,Finance,1,1,1,0,0,1,3,0.05,0.619,0.811,0.532,0.575,718,906,16384,17.4,0.01701,0,AWS,0,0,GDPR,0.782,Claude
Text Generation,205,874,Medical,1,0,1,0,1,2,3,0.105,0.92,0.618,0.739,0.525,198,308,16384,30.8,0.00339,1,GCP,0,1,HIPAA,0.936,GPT
Summarization,246,1277,Finance,1,0,0,1,1,3,4,0.292,0.758,0.212,0.544,0.812,423,127,4096,13.3,0.00467,0,OpenAI,1,0,None,0.208,GPT
Code Generation,17,1965,Technical,1,0,0,1,0,1,2,0.183,0.958,0.691,0.13,0.503,1412,916,4096,6.2,0.00613,0,Azure,0,1,GDPR,0.467,GPT
Text Generation,1001,1247,General,1,0,0,0,1,1,1,0.145,0.983,0.966,0.672,0.828,940,511,4096,35.7,0.0048,1,GCP,1,0,HIPAA,0.369,Claude
QA,54,1823,Finance,1,0,1,0,0,3,1,0.24,0.623,0.636,0.161,0.525,1123,662,4096,8.7,0.006,1,OpenAI,1,0,HIPAA,0.247,Claude
QA,763,2012,Legal,0,0,1,0,0,1,3,0.27,0.632,0.726,0.848,0.781,1259,301,8192,36.3,0.01277,1,GCP,1,0,None,0.194,GPT
Code Generation,112,1390,Medical,0,1,1,1,1,2,1,0.088,0.794,0.287,0.819,0.501,228,120,16384,36.2,0.01034,1,GCP,1,1,GDPR,0.885,Mistral
Text Generation,844,807,Technical,1,1,1,0,1,3,4,0.245,0.996,0.339,0.9,0.578,904,118,16384,23.0,0.00263,1,OpenAI,1,0,None,0.48,GPT
Summarization,902,267,Technical,1,0,1,0,0,2,5,0.157,0.624,0.533,0.572,0.941,546,792,8192,9.6,0.00626,0,Azure,0,0,None,0.858,GPT
Summarization,903,118,Legal,1,1,0,1,1,1,1,0.23,0.984,0.529,0.653,0.795,135,914,4096,23.8,0.01634,0,GCP,0,1,HIPAA,0.344,Claude
QA,380,398,Legal,0,0,0,0,1,4,3,0.024,0.92,0.811,0.979,0.611,301,882,8192,12.2,0.00447,0,Azure,0,1,None,0.693,Claude
Classification,803,1378,Finance,1,1,0,1,0,4,3,0.226,0.633,0.173,0.954,0.703,1380,913,4096,18.8,0.01663,0,Azure,1,1,GDPR,0.652,GPT
QA,438,1687,Finance,0,1,1,0,0,4,1,0.1,0.802,0.586,0.758,0.897,670,700,4096,4.0,0.01798,1,Azure,1,0,HIPAA,0.894,Mistral
Code Generation,38,428,Technical,0,1,0,1,1,3,1,0.17,0.685,0.648,0.177,0.506,362,939,4096,25.6,0.01025,0,Azure,0,0,GDPR,0.104,Claude
Text Generation,588,514,General,1,0,0,1,0,1,1,0.032,0.861,0.901,0.529,0.808,384,63,16384,13.8,0.01028,0,OpenAI,1,0,GDPR,0.93,GPT
Summarization,938,1620,Finance,0,0,1,1,0,1,4,0.291,0.811,0.283,0.14,0.949,1398,882,8192,11.0,0.01148,1,GCP,0,0,None,0.604,GPT
QA,743,306,Medical,1,1,1,1,0,2,3,0.165,0.748,0.132,0.602,0.564,650,257,8192,24.6,0.00307,0,Azure,1,1,GDPR,0.689,GPT
QA,616,848,General,0,1,1,0,1,5,3,0.203,0.648,0.99,0.324,0.968,1300,267,8192,20.7,0.01833,1,AWS,1,1,GDPR,0.332,GPT
Code Generation,182,159,Medical,1,1,0,0,1,2,1,0.131,0.655,0.285,0.137,0.683,78,129,8192,27.4,0.00969,1,Azure,1,0,HIPAA,0.688,Mistral
QA,160,1420,Technical,0,0,0,1,0,1,2,0.132,0.732,0.921,0.825,0.765,393,796,16384,19.0,0.01512,0,GCP,1,1,GDPR,0.536,GPT
Summarization,905,134,Technical,0,1,1,0,0,1,3,0.287,0.827,0.521,0.932,0.922,643,474,16384,38.1,0.01404,0,Azure,0,0,GDPR,0.702,Mistral
Code Generation,605,1882,Technical,0,1,1,0,1,2,5,0.23,0.88,0.142,0.912,0.764,107,1000,16384,10.9,0.01931,1,GCP,0,0,HIPAA,0.453,GPT
QA,780,434,General,0,1,1,0,0,5,3,0.131,0.933,0.52,0.996,0.858,598,436,4096,39.3,0.01518,0,AWS,1,0,None,0.956,GPT
Code Generation,142,495,Technical,1,0,0,0,0,3,1,0.029,0.935,0.564,0.929,0.755,1218,523,8192,20.2,0.01494,1,GCP,0,1,GDPR,0.202,GPT
QA,409,382,Technical,1,0,0,1,0,4,5,0.158,0.909,0.565,0.622,0.772,393,454,4096,5.9,0.00645,1,AWS,0,1,GDPR,0.696,Mistral
Text Generation,567,1980,Finance,1,0,1,0,1,2,4,0.15,0.757,0.896,0.236,0.747,1427,172,4096,4.3,0.01889,1,OpenAI,1,1,GDPR,0.889,Claude
Code Generation,281,1143,Legal,1,1,1,1,1,5,2,0.226,0.914,0.167,0.57,0.642,367,404,8192,17.1,0.0066,0,GCP,1,1,None,0.419,Claude
QA,419,596,Finance,0,0,1,0,1,3,4,0.259,0.939,0.915,0.786,0.914,880,879,8192,21.8,0.01187,1,GCP,1,1,None,0.395,Mistral
Code Generation,163,228,Legal,0,1,0,0,1,2,3,0.099,0.84,0.294,0.813,0.833,683,706,4096,39.8,0.01083,0,GCP,0,0,None,0.378,GPT
Code Generation,543,207,General,1,1,1,1,1,4,5,0.243,0.84,0.752,0.512,0.718,1323,769,16384,9.3,0.01086,0,AWS,0,0,GDPR,0.338,GPT
QA,167,735,Medical,0,0,0,0,0,1,5,0.202,0.915,0.86,0.716,0.837,1334,279,4096,18.9,0.00225,1,AWS,1,0,HIPAA,0.915,GPT
Classification,463,1467,Medical,1,1,0,1,1,5,1,0.283,0.681,0.873,0.969,0.871,1432,58,8192,39.6,0.00655,1,AWS,1,0,GDPR,0.957,Claude
Code Generation,783,1578,Legal,1,0,0,0,0,1,4,0.231,0.738,0.404,0.39,0.517,446,280,8192,39.7,0.00832,0,Azure,0,0,GDPR,0.13,Mistral
Summarization,952,1146,Technical,1,0,1,0,1,2,4,0.252,0.72,0.247,0.748,0.797,137,705,8192,29.5,0.00285,1,OpenAI,1,1,HIPAA,0.18,Mistral
Classification,401,1824,Finance,0,0,1,0,1,5,3,0.192,0.852,0.776,0.239,0.673,1231,252,4096,34.4,0.01923,0,OpenAI,0,0,None,0.247,Claude
QA,167,1723,Legal,1,1,0,0,1,4,3,0.04,0.8,0.312,0.315,0.561,1438,790,16384,21.4,0.01012,1,Azure,1,0,GDPR,0.877,Claude
QA,759,1992,Legal,0,0,1,0,0,3,4,0.097,0.823,0.992,0.441,0.855,868,569,8192,28.5,0.01285,0,GCP,1,0,HIPAA,0.238,GPT
Code Generation,271,1320,Legal,0,1,1,1,1,2,3,0.058,0.761,0.515,0.519,0.929,739,94,16384,16.2,0.01848,1,OpenAI,1,0,HIPAA,0.729,Mistral
QA,119,400,Legal,0,0,0,0,0,1,2,0.233,0.775,0.869,0.32,0.628,980,702,16384,27.5,0.01975,0,Azure,0,0,None,0.523,GPT
Summarization,972,2041,General,1,1,1,0,0,1,1,0.273,0.984,0.231,0.45,0.895,505,366,8192,14.6,0.0045,1,GCP,1,1,GDPR,0.206,Claude
Classification,200,1181,Technical,1,0,1,1,1,4,1,0.273,0.998,0.731,0.71,0.547,424,896,16384,4.9,0.01479,1,GCP,1,0,HIPAA,0.93,Mistral
QA,974,408,Finance,0,1,0,1,1,3,5,0.129,0.779,0.487,0.725,0.593,1041,332,8192,37.0,0.01567,0,OpenAI,1,1,None,0.475,GPT
Classification,727,1100,Legal,0,1,0,0,0,5,5,0.056,0.862,0.132,0.693,0.512,80,457,16384,6.7,0.01935,1,AWS,1,0,GDPR,0.786,Claude
Classification,352,1144,Finance,0,1,0,1,0,4,2,0.022,0.654,0.961,0.977,0.875,918,697,4096,11.1,0.01923,1,GCP,0,1,None,0.309,GPT
Summarization,423,119,Legal,1,0,0,1,0,3,1,0.041,0.756,0.652,0.621,0.73,1437,124,16384,25.2,0.00831,0,OpenAI,1,1,HIPAA,0.238,Claude
Classification,955,838,Technical,0,1,0,0,0,3,3,0.259,0.891,0.183,0.774,0.785,1202,759,8192,18.9,0.00787,0,Azure,0,1,None,0.247,Mistral
Code Generation,196,856,Technical,1,1,1,0,1,5,2,0.072,0.802,0.537,0.753,0.531,1037,368,4096,32.5,0.01807,1,GCP,0,0,None,0.127,GPT
QA,431,272,Finance,0,0,1,0,1,1,2,0.242,0.61,0.951,0.349,0.893,102,746,16384,21.0,0.00893,0,Azure,1,0,GDPR,0.69,GPT
Text Generation,813,1384,Medical,1,1,1,1,0,2,2,0.082,0.879,0.514,0.397,0.918,879,496,16384,8.2,0.00986,0,OpenAI,1,1,None,0.684,Mistral
Classification,354,920,Technical,0,0,0,0,1,3,2,0.296,0.699,0.329,0.576,0.975,761,227,4096,8.2,0.0196,0,OpenAI,0,0,GDPR,0.686,GPT
Code Generation,473,953,Legal,1,1,0,1,1,2,4,0.162,0.824,0.962,0.373,0.627,157,472,4096,8.9,0.00838,0,OpenAI,0,0,HIPAA,0.453,Claude
Code Generation,822,83,General,1,0,0,0,1,3,3,0.127,0.716,0.809,0.715,0.607,646,991,8192,25.2,0.01152,0,GCP,1,1,HIPAA,0.78,GPT
QA,155,1701,Legal,1,0,0,1,0,5,4,0.255,0.82,0.789,0.923,0.616,99,469,8192,30.3,0.00284,1,OpenAI,1,1,HIPAA,0.871,GPT
Code Generation,368,864,Medical,1,1,0,1,1,4,2,0.298,0.701,0.336,0.988,0.974,94,311,16384,36.3,0.00622,0,GCP,0,1,GDPR,0.825,Mistral
Classification,54,34,Finance,1,1,0,1,0,3,2,0.189,0.843,0.843,0.18,0.506,693,678,4096,35.4,0.01635,1,OpenAI,0,0,HIPAA,0.295,Claude
Text Generation,462,478,Legal,1,0,0,0,0,5,3,0.136,0.97,0.949,0.929,0.648,571,21,8192,33.1,0.00794,0,GCP,1,0,None,0.746,Mistral
Summarization,897,434,Finance,1,0,1,0,1,2,4,0.282,0.788,0.283,0.267,0.933,1380,409,4096,9.2,0.01447,0,AWS,1,0,HIPAA,0.125,Mistral
QA,1010,1086,Finance,1,0,1,1,1,5,2,0.242,0.778,0.601,0.128,0.645,777,102,16384,30.7,0.0067,1,Azure,1,1,HIPAA,0.633,Mistral
Code Generation,727,963,Technical,1,0,1,1,1,1,5,0.16,0.887,0.595,0.873,0.56,1435,859,4096,11.4,0.00732,0,GCP,1,0,GDPR,0.989,GPT
Code Generation,653,670,Medical,1,0,1,0,0,5,3,0.206,0.973,0.122,0.802,0.706,788,348,16384,18.7,0.0151,1,OpenAI,1,1,None,0.116,Mistral
Summarization,333,1213,Medical,0,1,0,1,1,4,3,0.177,0.734,0.566,0.651,0.895,835,710,16384,29.9,0.01976,1,AWS,1,0,GDPR,0.667,Claude
Summarization,911,1153,Technical,0,1,0,0,0,4,2,0.027,0.829,0.782,0.75,0.662,728,226,8192,16.9,0.00222,1,GCP,1,1,None,0.809,Claude
Classification,698,232,General,0,1,0,0,0,2,5,0.125,0.725,0.186,0.477,0.668,1122,726,8192,16.8,0.00759,0,OpenAI,0,0,GDPR,0.611,GPT
QA,600,265,Finance,0,0,1,1,1,3,5,0.193,0.721,0.755,0.456,0.935,541,342,4096,27.5,0.00478,1,OpenAI,0,0,None,0.301,GPT
Summarization,434,1589,Finance,1,1,1,0,0,2,3,0.265,0.823,0.928,0.905,0.736,1343,946,4096,19.7,0.01677,0,Azure,1,1,HIPAA,0.957,Mistral
QA,450,147,Medical,0,1,1,0,0,1,5,0.242,0.987,0.339,0.821,0.926,1377,543,16384,30.6,0.00846,0,AWS,0,0,GDPR,0.209,Claude
Summarization,354,1331,General,1,1,0,1,0,4,1,0.042,0.689,0.553,0.83,0.53,1132,872,4096,34.7,0.01682,0,Azure,0,1,None,0.204,GPT
Summarization,156,32,Technical,0,1,1,1,1,2,3,0.102,0.892,0.633,0.814,0.819,1469,571,8192,5.6,0.00337,0,AWS,0,0,HIPAA,0.818,Claude
Code Generation,919,350,Finance,0,0,1,0,1,3,1,0.278,0.861,0.37,0.313,0.561,1456,922,16384,13.0,0.00787,0,AWS,0,1,HIPAA,0.845,Claude
Classification,920,1514,General,0,1,0,0,1,1,1,0.138,0.679,0.692,0.158,0.84,1439,411,16384,17.1,0.00759,1,OpenAI,0,0,GDPR,0.955,Claude
Text Generation,938,1232,General,0,1,0,0,0,5,1,0.12,0.681,0.489,0.709,0.722,171,602,8192,28.1,0.00343,0,GCP,0,1,None,0.721,Mistral
QA,603,1253,General,0,0,0,1,0,1,4,0.064,0.715,0.273,0.377,0.976,1312,649,8192,13.5,0.00684,1,AWS,1,1,None,0.511,Mistral
Classification,704,1239,Legal,0,0,0,1,1,4,1,0.138,0.937,0.34,0.916,0.712,576,414,16384,35.3,0.00941,1,AWS,1,0,None,0.111,GPT
Summarization,193,860,Finance,0,1,0,0,0,1,5,0.235,0.94,0.125,0.975,0.502,176,740,8192,39.8,0.01436,1,AWS,1,0,HIPAA,0.401,Claude
Summarization,193,731,Finance,1,1,1,1,1,4,2,0.121,0.938,0.657,0.337,0.602,474,557,8192,37.4,0.00684,0,GCP,1,1,GDPR,0.547,Claude
Classification,566,1588,Technical,0,1,0,1,0,4,5,0.098,0.658,0.492,0.971,0.902,1112,345,8192,5.5,0.01643,1,AWS,0,1,None,0.962,GPT
QA,623,1750,Medical,0,1,1,1,0,4,4,0.096,0.869,0.258,0.871,0.559,410,544,8192,36.8,0.01609,1,OpenAI,1,0,None,0.482,Claude
Code Generation,314,530,General,0,0,1,1,0,3,4,0.286,0.975,0.826,0.67,0.836,534,243,8192,14.4,0.01125,0,OpenAI,0,0,HIPAA,0.313,GPT
Summarization,806,1366,Finance,1,0,1,1,0,4,3,0.02,0.714,0.449,0.74,0.853,430,87,8192,18.6,0.01428,1,OpenAI,1,1,None,0.792,Claude
Code Generation,750,255,General,1,1,0,1,1,2,1,0.067,0.844,0.959,0.973,0.856,336,958,16384,37.4,0.00532,0,AWS,0,0,HIPAA,0.269,Mistral
QA,133,1279,Medical,0,1,0,1,0,4,5,0.249,0.832,0.84,0.3,0.83,159,623,4096,31.7,0.01468,1,Azure,0,0,GDPR,0.36,Mistral
QA,53,974,General,0,1,0,1,0,4,3,0.015,0.713,0.443,0.658,0.66,1453,111,4096,4.3,0.01734,1,AWS,1,0,GDPR,0.114,Claude
QA,827,1852,Technical,1,0,0,1,0,1,2,0.096,0.695,0.787,0.946,0.8,767,809,4096,26.1,0.00463,0,Azure,1,1,GDPR,0.97,Mistral
Summarization,983,1924,General,0,1,1,1,0,4,2,0.096,0.685,0.34,0.668,0.895,1045,76,16384,5.3,0.00281,1,Azure,1,0,HIPAA,0.59,Mistral
Classification,503,2009,Technical,1,1,0,0,0,2,4,0.109,0.79,0.906,0.805,0.752,979,365,8192,22.4,0.00925,1,OpenAI,0,1,None,0.336,Mistral
Summarization,35,1734,Finance,0,1,1,0,1,3,2,0.238,0.725,0.27,0.357,0.97,1100,458,16384,31.5,0.01969,0,Azure,1,0,None,0.595,Claude
Text Generation,614,106,General,1,0,0,1,0,4,5,0.113,0.83,0.791,0.712,0.679,273,539,4096,17.5,0.00517,1,GCP,0,1,None,0.881,GPT
QA,983,1357,General,1,1,0,1,0,1,5,0.245,0.784,0.123,0.177,0.761,1294,299,4096,6.7,0.01984,0,Azure,0,1,HIPAA,0.53,Mistral
Classification,716,1197,Medical,0,0,1,0,0,1,5,0.244,0.771,0.533,0.171,0.535,111,304,8192,24.9,0.00869,0,AWS,1,0,None,0.359,Mistral
Code Generation,150,1461,Legal,1,0,0,1,0,2,5,0.168,0.666,0.102,0.593,0.998,200,986,8192,25.5,0.00774,1,AWS,1,0,None,0.683,GPT
QA,246,99,Finance,1,1,1,0,1,2,1,0.224,0.676,0.801,0.552,0.607,1068,904,8192,37.3,0.01931,1,OpenAI,0,0,None,0.917,Claude
QA,171,106,Legal,1,1,1,0,1,2,5,0.243,0.722,0.311,0.876,0.699,1381,380,4096,21.8,0.00764,0,OpenAI,0,1,None,0.509,Mistral
Text Generation,71,1103,Legal,0,1,1,1,0,4,2,0.066,0.62,0.568,0.426,0.698,1242,873,8192,33.3,0.01774,0,GCP,1,0,GDPR,0.246,GPT
QA,523,1551,General,0,0,1,0,0,5,1,0.082,0.869,0.792,0.104,0.876,921,514,8192,36.2,0.01134,1,OpenAI,0,0,HIPAA,0.166,Claude
Code Generation,974,233,Medical,0,0,1,0,0,2,2,0.199,0.693,0.247,0.422,0.545,75,259,8192,18.4,0.00544,0,OpenAI,0,1,HIPAA,0.478,Mistral
Code Generation,980,1392,Legal,1,1,1,1,1,2,5,0.224,0.66,0.471,0.184,0.775,329,934,4096,5.1,0.01765,0,AWS,1,1,None,0.452,GPT
Classification,790,605,Finance,1,0,0,0,0,3,2,0.091,0.648,0.759,0.426,0.673,167,778,16384,36.8,0.00453,1,Azure,0,1,GDPR,0.454,Claude
Text Generation,373,757,Legal,0,0,0,0,1,5,2,0.019,0.727,0.349,0.862,0.612,1275,103,4096,21.9,0.00651,0,AWS,1,1,HIPAA,0.971,Mistral
QA,326,183,General,1,0,1,1,0,1,5,0.123,0.613,0.787,0.973,0.785,1465,409,4096,13.3,0.01686,1,OpenAI,1,1,HIPAA,0.993,GPT
Classification,1003,477,Legal,1,0,1,1,0,2,2,0.166,0.968,0.7,0.139,0.903,866,849,4096,21.7,0.00512,1,AWS,1,1,HIPAA,0.538,GPT
Classification,742,117,Technical,1,0,1,1,1,4,3,0.143,0.696,0.44,0.91,0.556,793,339,4096,10.4,0.01469,1,Azure,1,1,HIPAA,0.79,GPT
Summarization,789,264,General,0,0,1,1,0,4,4,0.142,0.726,0.548,0.188,0.91,100,954,8192,13.8,0.00385,0,Azure,0,0,None,0.201,GPT
Classification,83,887,Technical,1,0,1,0,1,4,4,0.238,0.849,0.556,0.141,0.722,659,744,8192,5.1,0.00287,0,OpenAI,0,0,GDPR,0.532,Claude
QA,147,1920,Finance,0,1,0,0,0,1,4,0.159,0.929,0.641,0.498,0.759,388,45,4096,18.7,0.01321,1,AWS,0,0,HIPAA,0.238,GPT
Summarization,940,768,Technical,0,1,1,1,1,5,4,0.284,0.916,0.348,0.177,0.636,1255,955,8192,29.0,0.01273,0,AWS,1,1,None,0.366,Claude
Summarization,200,1626,Legal,1,1,1,0,1,3,4,0.031,0.787,0.964,0.6,0.812,956,29,8192,32.0,0.00435,1,Azure,0,1,None,0.722,Mistral
QA,556,1313,Legal,1,0,1,0,1,1,1,0.295,0.911,0.241,0.414,0.702,1087,349,8192,20.2,0.00575,1,AWS,1,0,GDPR,0.709,GPT
Summarization,879,185,Technical,0,0,1,1,0,2,2,0.197,0.89,0.96,0.653,0.61,1197,264,8192,24.0,0.01931,1,OpenAI,1,0,HIPAA,0.325,Mistral
Code Generation,429,551,Finance,1,1,0,0,0,3,4,0.274,0.889,0.845,0.314,0.913,627,877,8192,23.4,0.01021,0,OpenAI,1,0,GDPR,0.786,GPT
Summarization,11,1355,Medical,1,1,0,0,0,3,4,0.033,0.689,0.2,0.439,0.679,555,111,4096,33.5,0.01494,0,OpenAI,1,1,None,0.233,GPT
QA,630,236,General,1,1,0,1,1,4,1,0.033,0.877,0.601,0.359,0.847,143,992,8192,36.4,0.01424,0,OpenAI,0,0,HIPAA,0.614,GPT
Summarization,849,573,Medical,0,1,0,1,1,5,5,0.184,0.997,0.126,0.571,0.704,830,187,4096,4.9,0.01492,1,AWS,0,0,None,0.205,GPT
Classification,345,33,Technical,1,0,0,0,0,4,2,0.033,0.687,0.828,0.818,0.559,284,165,8192,35.2,0.01571,1,GCP,1,0,HIPAA,0.306,Claude
Text Generation,147,698,Legal,1,0,0,1,0,4,2,0.048,0.864,0.841,0.404,0.53,909,668,4096,17.1,0.01186,0,Azure,0,0,HIPAA,0.92,Mistral
Summarization,985,1304,General,0,0,1,0,1,1,1,0.121,0.886,0.733,0.739,0.842,1388,52,4096,30.8,0.01316,0,AWS,1,0,GDPR,0.323,GPT
Summarization,22,1716,General,1,1,0,1,0,1,1,0.254,0.901,0.302,0.386,0.659,815,424,16384,17.1,0.01583,1,Azure,1,0,HIPAA,0.823,Mistral
Text Generation,643,140,Technical,0,0,1,0,1,5,3,0.161,0.713,0.47,0.539,0.733,564,591,16384,35.1,0.01131,1,AWS,0,1,None,0.25,Claude
Summarization,724,1625,General,1,1,1,1,1,1,3,0.291,0.667,0.511,0.893,0.975,1017,892,4096,11.3,0.00332,0,GCP,1,0,HIPAA,0.957,GPT
Summarization,54,1782,Medical,1,0,0,1,1,1,2,0.084,0.839,0.117,0.804,0.794,203,644,16384,28.9,0.00558,1,OpenAI,1,0,None,0.925,GPT
Text Generation,290,842,Legal,1,1,1,0,0,5,2,0.179,0.873,0.938,0.252,0.609,1335,21,8192,18.6,0.00493,1,Azure,0,0,GDPR,0.732,GPT
Code Generation,619,1737,Legal,1,0,1,0,0,3,1,0.266,0.726,0.822,0.752,0.571,599,222,16384,6.5,0.01962,1,GCP,1,1,None,0.935,Mistral
Summarization,909,560,Technical,1,1,0,1,0,5,5,0.068,0.783,0.774,0.349,0.657,693,967,8192,40.0,0.00869,0,AWS,1,0,HIPAA,0.72,Claude
Text Generation,759,891,General,1,0,1,1,1,5,3,0.021,0.775,0.651,0.683,0.787,339,563,4096,12.0,0.01255,1,AWS,0,1,None,0.587,GPT
QA,201,1801,Technical,1,0,0,1,0,2,2,0.12,0.958,0.439,0.188,0.53,139,820,4096,9.9,0.01528,0,AWS,0,1,HIPAA,0.334,Claude
Summarization,316,1440,Finance,0,1,1,1,1,5,3,0.286,1.0,0.163,0.998,0.521,948,14,4096,27.2,0.00271,1,GCP,1,0,GDPR,0.206,Claude
Classification,949,1314,General,1,0,0,0,0,3,1,0.208,0.669,0.661,0.997,0.942,1464,820,4096,16.5,0.00957,1,GCP,0,0,GDPR,0.804,GPT
Code Generation,860,1123,Medical,1,1,0,1,0,4,3,0.164,0.938,0.855,0.52,0.879,1281,478,8192,13.1,0.01379,1,AWS,0,1,HIPAA,0.941,Claude
QA,60,1010,Legal,1,1,0,1,1,3,1,0.181,0.85,0.519,0.629,0.738,1316,706,16384,18.1,0.01457,0,Azure,0,1,None,0.382,GPT
Text Generation,657,160,Legal,1,1,0,0,1,3,2,0.245,0.813,0.804,0.352,0.612,184,998,4096,8.3,0.01174,1,Azure,1,0,GDPR,0.537,GPT
Text Generation,819,1291,Finance,0,0,1,1,0,5,2,0.221,0.83,0.957,0.691,0.774,1160,183,4096,30.2,0.01583,1,AWS,1,0,None,0.201,Claude
Classification,332,1090,Medical,1,1,0,1,0,3,4,0.162,0.979,0.452,0.513,0.979,636,867,8192,7.6,0.01491,1,AWS,0,1,GDPR,0.511,Mistral
Text Generation,890,248,Legal,1,0,0,1,0,3,4,0.096,0.844,0.219,0.987,0.731,353,345,8192,7.9,0.01029,0,OpenAI,1,0,HIPAA,0.959,Mistral
Code Generation,770,1191,Technical,0,1,1,1,0,1,4,0.066,0.628,0.974,0.814,0.546,1181,288,8192,27.0,0.01795,1,OpenAI,1,1,GDPR,0.976,Claude
QA,929,217,Technical,0,0,0,1,1,1,5,0.132,0.605,0.167,0.443,0.899,153,352,8192,8.8,0.0124,0,GCP,1,1,GDPR,0.391,Mistral
Summarization,185,1180,Medical,0,0,1,0,1,2,1,0.23,0.74,0.526,0.994,0.634,55,762,16384,38.3,0.00552,0,GCP,1,0,HIPAA,0.196,GPT
Summarization,362,1527,Medical,0,0,1,0,0,3,5,0.136,0.664,0.93,0.483,0.529,956,190,8192,34.0,0.01175,0,AWS,0,0,GDPR,0.137,Mistral
Code Generation,687,1040,Finance,1,1,0,1,0,3,3,0.013,0.956,0.45,0.852,0.612,1039,444,4096,5.6,0.01172,0,Azure,0,1,HIPAA,0.431,Claude
QA,369,1035,General,0,1,0,0,1,4,5,0.126,0.769,0.813,0.433,0.638,484,726,8192,37.5,0.01283,1,GCP,0,1,None,0.36,Mistral
Text Generation,108,852,Technical,1,1,1,1,1,1,2,0.043,0.818,0.279,0.168,0.767,925,434,16384,12.4,0.00696,0,OpenAI,1,0,GDPR,0.882,GPT
Code Generation,188,720,Medical,0,1,0,1,1,5,2,0.145,0.736,0.769,0.391,0.636,894,463,4096,25.3,0.00276,0,OpenAI,0,0,GDPR,0.885,Mistral
QA,16,432,Medical,0,0,1,1,1,3,2,0.123,0.928,0.214,0.933,0.776,1458,908,8192,25.2,0.01809,0,AWS,1,1,None,0.2,GPT
Text Generation,464,1834,Legal,1,1,0,1,1,3,5,0.278,0.668,0.197,0.41,0.568,1433,795,8192,18.8,0.01835,1,OpenAI,1,1,HIPAA,0.672,GPT
Summarization,730,1547,General,0,1,0,0,0,1,4,0.167,0.612,0.854,0.523,0.582,594,604,4096,13.8,0.00271,0,AWS,1,1,HIPAA,0.798,Mistral
QA,35,497,Legal,0,0,0,0,1,4,2,0.281,0.875,0.577,0.958,0.65,1369,112,8192,31.6,0.01548,0,AWS,0,1,HIPAA,0.428,GPT
Summarization,55,2001,General,1,0,0,0,1,2,3,0.216,0.705,0.268,0.159,0.951,76,139,16384,38.6,0.01688,1,GCP,0,0,None,0.918,GPT
Code Generation,415,1207,Legal,1,1,1,0,1,4,5,0.056,0.862,0.589,0.501,0.826,771,982,16384,14.0,0.00884,0,Azure,0,1,None,0.216,Claude
Classification,750,1399,Technical,1,1,0,0,0,1,2,0.296,0.947,0.308,0.12,0.699,63,112,8192,34.8,0.01903,0,OpenAI,0,0,None,0.255,GPT
Summarization,840,844,Finance,0,0,1,1,1,2,1,0.169,0.718,0.692,0.802,0.814,78,929,16384,10.6,0.01765,1,GCP,0,1,None,0.466,GPT
Text Generation,746,1267,Legal,1,1,0,1,0,2,2,0.031,0.702,0.596,0.175,0.697,1352,584,16384,17.0,0.00475,0,Azure,0,1,None,0.617,GPT
Classification,448,1535,Finance,0,1,0,0,0,2,1,0.081,0.744,0.79,0.434,0.699,79,913,8192,20.9,0.00847,0,AWS,0,0,GDPR,0.123,Claude
Classification,702,926,Technical,1,1,1,0,1,4,1,0.011,0.76,0.11,0.411,0.959,627,369,8192,37.7,0.01092,0,AWS,1,1,None,0.479,Mistral
Summarization,361,1298,Technical,0,1,1,1,1,5,5,0.118,0.989,0.968,0.14,0.674,561,21,8192,20.3,0.00583,0,GCP,1,1,HIPAA,0.709,GPT
Summarization,562,1706,Legal,1,0,1,1,1,4,4,0.11,0.766,0.89,0.367,0.622,361,614,16384,11.1,0.01561,0,OpenAI,1,0,GDPR,0.797,Claude
Text Generation,733,235,Technical,1,0,1,0,0,4,1,0.089,0.652,0.934,0.219,0.801,376,634,8192,9.7,0.00958,0,OpenAI,1,0,None,0.155,GPT
Text Generation,287,264,Medical,0,0,0,1,1,2,2,0.16,0.772,0.945,0.27,0.567,254,994,4096,39.8,0.0031,1,GCP,0,1,GDPR,0.877,Mistral
Code Generation,836,1258,Medical,1,0,1,1,1,3,5,0.111,0.994,0.199,0.465,0.784,749,648,16384,24.0,0.00817,1,AWS,0,1,HIPAA,0.125,Claude
Classification,655,1327,Finance,0,0,0,1,0,4,1,0.052,0.678,0.895,0.283,0.832,1356,614,16384,5.0,0.0146,0,OpenAI,0,0,HIPAA,0.694,Claude
QA,157,110,General,0,1,1,0,1,4,5,0.212,0.969,0.644,0.801,0.668,1042,124,8192,33.9,0.0182,1,AWS,1,1,None,0.854,GPT
Summarization,277,1809,Medical,1,0,1,0,0,4,4,0.185,0.976,0.106,0.138,0.858,1285,182,16384,35.2,0.01612,0,AWS,1,0,GDPR,0.386,Mistral
Code Generation,812,1027,Medical,0,1,1,0,0,5,5,0.014,0.707,0.93,0.591,0.893,912,672,8192,7.8,0.00539,0,AWS,1,0,HIPAA,0.199,Claude
Summarization,792,1969,Legal,1,1,0,0,0,3,1,0.109,0.871,0.486,0.354,0.691,1230,460,16384,8.2,0.00237,0,AWS,1,0,HIPAA,0.661,GPT
Text Generation,647,1779,Legal,0,1,1,0,0,5,5,0.234,0.978,0.49,0.573,0.806,842,97,4096,24.7,0.01902,1,OpenAI,0,1,HIPAA,0.48,Mistral
Summarization,733,200,Finance,1,0,0,0,1,3,2,0.037,0.63,0.498,0.545,0.504,110,447,16384,20.1,0.01407,1,Azure,1,0,GDPR,0.422,Claude
Summarization,335,331,General,0,0,1,0,1,3,1,0.187,0.971,0.943,0.53,0.614,677,897,16384,8.7,0.00541,0,GCP,0,0,HIPAA,0.372,GPT
Code Generation,374,133,Medical,0,0,1,0,1,5,3,0.142,0.935,0.517,0.402,0.963,1016,297,8192,32.2,0.00726,1,AWS,0,0,HIPAA,0.616,GPT
Classification,966,261,General,1,1,1,1,0,1,1,0.175,0.864,0.478,0.776,0.981,471,554,8192,29.7,0.0143,1,Azure,0,1,HIPAA,0.349,GPT
Code Generation,329,1700,Finance,0,0,0,1,0,5,4,0.071,0.979,0.454,0.242,0.972,1354,415,16384,22.7,0.01505,0,Azure,1,0,None,0.663,Mistral
Classification,699,1862,Technical,1,0,0,1,1,4,1,0.297,0.94,0.7,0.54,0.613,1206,241,16384,7.5,0.0046,0,OpenAI,0,1,GDPR,0.121,Claude
Text Generation,76,160,Medical,1,0,1,0,1,5,1,0.024,0.823,0.253,0.352,0.697,707,285,8192,37.9,0.00721,0,GCP,0,0,HIPAA,0.42,Mistral
Text Generation,844,1032,Technical,1,1,0,1,1,5,3,0.073,0.68,0.774,0.268,0.98,866,731,16384,15.6,0.01772,1,Azure,1,0,None,0.234,Mistral
Text Generation,578,2016,Finance,1,1,0,1,0,5,5,0.254,0.788,0.221,0.988,0.935,1317,40,16384,36.1,0.00257,1,GCP,0,0,GDPR,0.631,Claude
Summarization,319,1748,Finance,0,0,1,1,1,5,1,0.298,0.95,0.365,0.471,0.567,288,470,8192,24.8,0.00744,1,Azure,0,1,GDPR,0.108,Claude
Code Generation,280,547,General,0,1,0,0,1,5,2,0.293,0.841,0.263,0.713,0.94,654,83,4096,30.8,0.00733,0,GCP,1,0,GDPR,0.117,Claude
Text Generation,505,1827,General,0,0,0,1,1,4,4,0.26,0.891,0.528,0.979,0.65,554,874,4096,11.5,0.00423,1,OpenAI,0,0,GDPR,0.311,Claude
Summarization,782,50,Legal,1,0,0,0,1,1,2,0.087,0.824,0.302,0.91,0.883,1067,86,4096,7.3,0.01316,1,Azure,1,0,GDPR,0.947,GPT
QA,327,593,Legal,1,0,1,1,0,1,3,0.016,0.719,0.697,0.215,0.717,1282,620,16384,24.9,0.01235,1,AWS,1,1,GDPR,0.822,GPT
QA,671,1419,General,0,0,0,0,1,4,5,0.26,0.817,0.453,0.758,0.608,1385,213,4096,27.7,0.01119,1,GCP,0,1,HIPAA,0.828,Claude
Summarization,485,449,Technical,0,1,1,0,1,3,1,0.123,0.861,0.802,0.431,0.604,1184,330,4096,20.9,0.00279,0,OpenAI,0,1,GDPR,0.25,Claude
Text Generation,965,1605,General,0,0,1,1,1,1,5,0.01,0.744,0.118,0.662,0.554,912,175,8192,26.4,0.0198,0,OpenAI,0,0,None,0.769,Claude
Classification,784,593,Legal,1,1,1,0,1,1,2,0.261,0.622,0.947,0.513,0.901,1365,747,8192,29.8,0.00858,1,GCP,0,0,None,0.263,GPT
Code Generation,10,980,Legal,1,0,1,0,1,2,5,0.222,0.76,0.13,0.599,0.935,1436,520,8192,27.4,0.0117,1,AWS,0,1,GDPR,0.221,Mistral
Summarization,742,1891,General,0,0,0,0,0,5,5,0.201,0.93,0.522,0.774,0.964,1449,921,4096,9.5,0.01575,0,Azure,1,1,GDPR,0.959,GPT
Summarization,869,199,Technical,0,0,1,0,1,3,3,0.279,0.76,0.834,0.862,0.722,1149,488,8192,5.5,0.01967,1,AWS,1,0,GDPR,0.78,Mistral
Classification,959,1570,General,0,0,0,0,0,5,5,0.227,0.929,0.402,0.834,0.83,864,725,4096,13.8,0.00653,1,GCP,0,1,None,0.278,GPT
Text Generation,582,1786,General,1,1,0,1,1,4,5,0.103,0.739,0.4,0.375,0.616,688,599,8192,32.3,0.00804,0,AWS,0,0,None,0.852,GPT
Code Generation,88,739,Finance,0,1,1,0,0,2,4,0.115,0.916,0.126,0.455,0.93,252,534,16384,19.1,0.01019,1,AWS,0,1,GDPR,0.208,Mistral
Summarization,380,550,Technical,1,0,0,0,1,3,1,0.028,0.639,0.227,0.209,0.723,202,625,16384,17.3,0.01476,0,AWS,1,1,GDPR,0.287,Mistral
QA,587,1064,Technical,1,1,1,1,0,1,1,0.251,0.992,0.605,0.559,0.638,869,737,16384,19.3,0.01952,0,OpenAI,0,1,HIPAA,0.496,Claude
Text Generation,726,1887,Technical,0,0,0,0,0,4,4,0.148,0.935,0.504,0.119,0.88,947,732,4096,37.3,0.01156,0,AWS,1,0,GDPR,0.328,Claude
Code Generation,792,1825,General,0,0,1,1,0,3,4,0.076,0.853,0.994,0.685,0.784,484,304,4096,37.9,0.01229,0,GCP,0,0,HIPAA,0.296,Claude
Text Generation,719,396,Technical,0,1,1,0,0,1,2,0.107,0.888,0.564,0.233,0.57,1200,962,8192,23.2,0.0182,0,OpenAI,1,1,GDPR,0.286,Mistral
Summarization,763,1807,Technical,1,1,1,1,1,4,1,0.208,0.705,0.935,0.991,0.624,822,612,8192,26.7,0.00319,0,GCP,1,1,None,0.562,Claude
QA,673,194,Medical,0,0,1,1,0,1,1,0.21,0.947,0.654,0.768,0.543,371,63,4096,8.1,0.01411,1,GCP,0,0,HIPAA,0.693,Mistral
Text Generation,872,1503,Medical,0,0,1,0,1,3,5,0.114,0.909,0.201,0.328,0.766,1138,596,8192,33.8,0.00809,1,GCP,0,1,HIPAA,0.521,GPT
QA,291,1654,Medical,1,1,0,0,0,4,1,0.02,0.933,0.385,0.307,0.788,1360,215,8192,34.1,0.01108,0,OpenAI,0,0,HIPAA,0.926,Claude
QA,181,1342,Technical,1,0,1,1,1,3,2,0.26,0.935,0.809,0.804,0.962,946,383,8192,15.5,0.01285,1,GCP,1,1,GDPR,0.71,Mistral
Code Generation,783,396,Technical,0,0,0,1,0,3,4,0.08,0.605,0.308,0.198,0.822,1030,813,16384,5.2,0.01669,1,Azure,1,0,GDPR,0.715,GPT
Text Generation,438,944,Finance,1,1,1,0,1,1,2,0.138,0.658,0.377,0.628,0.947,974,597,8192,13.5,0.01267,0,AWS,0,1,GDPR,0.15,Claude
Classification,870,928,Legal,1,0,0,1,1,3,4,0.261,0.88,0.146,0.122,0.797,1019,538,4096,26.0,0.01688,1,AWS,0,0,HIPAA,0.952,GPT
Code Generation,232,1553,Legal,0,0,1,1,0,5,1,0.115,0.613,0.43,0.147,0.655,312,302,16384,8.2,0.00795,1,GCP,0,0,HIPAA,0.693,GPT
Summarization,491,938,General,1,0,0,1,1,4,4,0.098,0.787,0.866,0.113,0.512,362,201,4096,29.1,0.00203,1,AWS,1,0,None,0.757,GPT
Summarization,508,1601,Technical,1,0,0,1,0,3,1,0.01,0.627,0.458,0.852,0.507,386,708,8192,15.5,0.01596,1,AWS,0,1,HIPAA,0.725,GPT
Text Generation,570,1555,Technical,0,0,0,0,1,5,5,0.018,0.615,0.728,0.811,0.542,1188,642,16384,39.7,0.00551,0,AWS,1,1,HIPAA,0.887,Mistral
Summarization,67,1029,Medical,1,1,0,0,0,5,4,0.195,0.799,0.263,0.225,0.86,679,153,16384,36.4,0.01835,1,OpenAI,0,0,None,0.904,Mistral
Classification,363,741,General,0,0,1,1,1,4,4,0.279,0.935,0.144,0.195,0.87,598,20,8192,37.7,0.01833,1,OpenAI,1,0,None,0.269,Claude
Code Generation,949,1022,Legal,0,0,0,1,1,1,3,0.244,0.987,0.765,0.622,0.941,1042,445,4096,39.3,0.0178,0,Azure,0,0,None,0.797,Mistral
Summarization,867,1358,Medical,1,1,1,1,0,3,2,0.17,0.672,0.849,0.517,0.553,1339,78,8192,14.6,0.00605,1,Azure,1,1,HIPAA,0.872,Mistral
Summarization,392,552,Technical,1,1,0,1,0,5,2,0.241,0.724,0.839,0.105,0.523,1360,409,4096,10.2,0.01359,1,AWS,1,1,GDPR,0.146,Mistral
Classification,375,32,Technical,0,0,1,1,0,5,1,0.026,0.779,0.551,0.844,0.535,944,443,8192,32.9,0.01713,1,AWS,0,0,HIPAA,0.83,Claude
Summarization,523,1126,Medical,0,1,1,1,1,2,1,0.273,0.882,0.824,0.974,0.738,1364,655,16384,14.2,0.01693,1,Azure,1,1,HIPAA,0.608,GPT
Code Generation,451,564,General,1,1,0,1,1,5,2,0.284,0.72,0.755,0.14,0.545,1022,491,8192,25.4,0.00946,0,AWS,1,0,GDPR,0.504,GPT
Code Generation,874,1773,Technical,0,0,1,1,0,5,5,0.265,0.851,0.552,0.604,0.505,782,109,8192,4.0,0.01082,1,OpenAI,0,1,HIPAA,0.354,GPT
Text Generation,211,624,Legal,1,0,0,1,1,5,2,0.292,0.796,0.361,0.77,0.964,771,418,16384,13.4,0.01627,1,OpenAI,0,0,HIPAA,0.237,Claude
QA,927,945,General,1,0,1,0,0,2,5,0.119,0.969,0.208,0.891,0.99,1430,703,8192,22.4,0.00847,0,GCP,1,0,None,0.887,Claude
Text Generation,572,607,Finance,0,1,1,1,0,1,1,0.042,0.606,0.361,0.495,0.873,866,129,8192,10.2,0.01546,1,Azure,0,1,HIPAA,0.599,GPT
Classification,405,572,Legal,1,1,1,0,1,2,2,0.056,0.912,0.541,0.583,0.786,712,464,4096,28.8,0.017,1,OpenAI,0,1,HIPAA,0.692,GPT
Text Generation,862,1542,Finance,1,0,0,1,0,1,3,0.18,0.949,0.625,0.697,0.992,125,536,4096,29.6,0.01516,0,AWS,0,1,GDPR,0.254,Claude
Code Generation,276,142,Medical,0,0,0,1,1,1,1,0.14,0.671,0.545,0.472,0.594,603,154,8192,8.1,0.00957,0,OpenAI,1,1,HIPAA,0.777,GPT
Summarization,528,807,Legal,0,0,0,1,0,1,1,0.094,0.858,0.325,0.413,0.564,510,827,8192,34.6,0.01534,0,AWS,1,1,HIPAA,0.831,GPT
Summarization,557,618,Legal,1,1,1,1,0,3,1,0.116,0.93,0.606,0.845,0.534,844,507,4096,8.4,0.00642,0,OpenAI,1,1,None,0.826,GPT
Code Generation,192,1867,General,1,0,1,1,0,3,5,0.072,0.909,0.987,0.243,0.634,1069,577,16384,11.4,0.01064,1,Azure,0,0,None,0.484,Mistral
Classification,495,524,Medical,0,1,1,1,1,5,4,0.032,0.729,0.788,0.397,0.977,334,789,16384,7.8,0.0178,1,OpenAI,0,1,None,0.583,Mistral
QA,84,1252,General,1,0,1,0,1,1,3,0.076,0.831,0.503,0.894,0.608,724,645,4096,31.7,0.0148,1,GCP,1,1,HIPAA,0.846,Claude
Classification,918,1285,Technical,0,0,1,1,0,1,5,0.042,0.925,0.219,0.634,0.75,682,863,4096,11.1,0.00256,0,OpenAI,0,1,None,0.44,GPT
QA,874,680,Finance,0,0,0,0,0,5,4,0.13,0.73,0.334,0.743,0.778,1414,499,4096,27.1,0.01015,0,Azure,1,0,None,0.587,GPT
QA,885,925,Technical,0,1,1,0,1,5,4,0.104,0.677,0.91,0.579,0.515,682,217,4096,32.9,0.00946,1,Azure,0,0,None,0.67,GPT
Classification,477,1089,General,1,1,1,1,0,5,3,0.114,0.829,0.702,0.298,0.77,134,137,8192,37.3,0.01138,1,Azure,0,1,None,0.897,Claude
Classification,422,1622,Finance,1,1,1,0,1,3,1,0.151,0.972,0.912,0.366,0.736,412,181,16384,26.5,0.01572,0,Azure,1,0,None,0.453,GPT
Text Generation,344,974,Medical,1,0,0,0,1,1,1,0.041,0.796,0.882,0.468,0.794,1375,884,16384,36.2,0.01065,0,AWS,1,0,None,0.879,Claude
Summarization,453,90,Technical,0,1,0,0,1,4,1,0.258,0.812,0.375,0.472,0.851,1382,368,8192,35.6,0.01035,0,Azure,1,1,HIPAA,0.85,Claude
Text Generation,664,1902,Technical,0,0,0,0,1,1,3,0.133,0.645,0.604,0.645,0.558,1140,727,8192,20.7,0.00947,1,OpenAI,1,1,None,0.385,GPT
Text Generation,70,1251,Medical,1,1,0,1,0,4,4,0.134,0.948,0.668,0.15,0.894,294,869,8192,5.0,0.01037,0,AWS,1,1,GDPR,0.148,Claude
Code Generation,884,42,Medical,1,1,1,1,0,4,5,0.034,0.766,0.749,0.539,0.766,1431,84,4096,19.3,0.00415,1,Azure,0,1,GDPR,0.677,GPT
Code Generation,485,849,Finance,0,0,1,0,1,5,4,0.049,0.764,0.653,0.569,0.842,1214,714,16384,6.5,0.00844,1,GCP,1,1,HIPAA,0.205,Claude
Summarization,837,944,Legal,0,0,1,1,1,1,1,0.198,0.763,0.647,0.451,0.738,760,515,16384,7.0,0.00219,0,GCP,0,1,GDPR,0.688,Mistral
Code Generation,949,599,Finance,1,1,1,1,0,2,2,0.167,0.781,0.156,0.361,0.848,367,198,8192,19.0,0.01005,0,GCP,1,1,HIPAA,0.532,Claude
Code Generation,672,1613,Finance,0,0,0,1,0,2,5,0.135,0.856,0.769,0.621,0.554,1047,203,4096,7.0,0.01517,0,AWS,1,1,HIPAA,0.545,Claude
Classification,610,741,Legal,1,0,1,1,1,3,1,0.216,0.734,0.871,0.186,0.926,740,711,4096,33.4,0.00493,1,Azure,0,1,None,0.692,GPT
Code Generation,272,326,Finance,1,1,0,1,0,3,5,0.02,0.696,0.725,0.279,0.598,596,938,4096,18.8,0.0164,0,OpenAI,1,0,GDPR,0.556,GPT
Code Generation,799,1448,General,1,1,0,0,0,3,2,0.125,0.883,0.322,0.702,0.908,1116,867,16384,37.5,0.01926,1,GCP,0,0,HIPAA,0.23,GPT
QA,146,304,Technical,0,0,0,1,0,3,3,0.037,0.834,0.31,0.738,0.739,1472,514,8192,20.6,0.01712,0,GCP,1,0,GDPR,0.584,Claude
QA,699,1849,Technical,1,0,1,0,0,2,1,0.085,0.843,0.419,0.548,0.943,1100,312,8192,28.1,0.0135,1,OpenAI,1,0,GDPR,0.494,Mistral
Text Generation,46,1069,Legal,0,0,0,0,0,4,5,0.266,0.989,0.248,0.755,0.667,1107,19,4096,38.8,0.00276,0,OpenAI,0,0,HIPAA,0.273,Mistral
QA,148,1898,Medical,0,0,0,0,0,5,1,0.126,0.607,0.129,0.187,0.904,402,805,4096,35.8,0.00641,0,GCP,0,1,HIPAA,0.562,GPT
Summarization,598,513,Technical,1,1,1,1,1,3,3,0.269,0.688,0.605,0.519,0.757,460,548,4096,34.3,0.00603,1,Azure,0,0,None,0.832,Claude
QA,670,491,Finance,1,1,0,1,1,3,5,0.255,0.972,0.93,0.173,0.885,88,82,16384,18.6,0.00521,0,Azure,1,0,HIPAA,0.855,GPT
Text Generation,148,49,Finance,0,0,0,1,0,1,3,0.165,0.713,0.133,0.384,0.568,1160,461,8192,29.0,0.00299,0,OpenAI,0,0,None,0.879,GPT
Classification,677,42,Medical,0,1,0,0,1,2,1,0.226,0.647,0.699,0.324,0.769,81,828,8192,36.7,0.01341,0,OpenAI,1,0,HIPAA,0.241,GPT
Classification,57,1534,Finance,0,1,1,0,1,3,3,0.113,0.756,0.36,0.683,0.878,649,155,16384,13.4,0.01227,0,Azure,0,1,HIPAA,0.314,Mistral
Code Generation,391,1100,Medical,0,1,0,0,0,4,3,0.252,0.726,0.281,0.126,0.602,360,507,16384,23.6,0.01683,1,GCP,0,0,GDPR,0.404,GPT
Classification,1021,1255,Finance,1,1,0,0,1,4,2,0.082,0.65,0.436,0.839,0.818,440,347,16384,12.8,0.01819,0,OpenAI,1,1,None,0.265,Mistral
QA,409,1203,Legal,0,0,1,0,0,5,2,0.212,0.908,0.561,0.745,0.979,542,598,8192,15.6,0.01219,0,AWS,1,0,None,0.56,Claude
Text Generation,986,1291,Finance,0,0,1,1,0,1,3,0.118,0.96,0.371,0.568,0.922,569,298,8192,13.3,0.01399,0,Azure,1,1,GDPR,0.741,GPT
Classification,729,1548,Legal,0,1,0,0,0,3,4,0.022,0.824,0.181,0.459,0.992,452,612,4096,25.2,0.0163,0,Azure,0,0,GDPR,0.816,Mistral
QA,457,1857,Medical,0,0,0,1,1,4,1,0.226,0.842,0.167,0.857,0.899,389,424,4096,39.6,0.00794,0,Azure,0,1,None,0.952,Mistral
Code Generation,472,1307,General,1,1,0,1,1,3,2,0.278,0.939,0.174,0.551,0.912,1040,482,16384,8.8,0.01007,1,GCP,1,1,None,0.527,GPT
Classification,369,656,Finance,1,1,1,0,1,5,4,0.096,0.878,0.292,0.263,0.625,1224,667,4096,19.1,0.01555,0,Azure,1,0,HIPAA,0.677,Claude
Text Generation,718,653,Medical,1,1,1,1,1,5,2,0.163,0.621,0.256,0.208,0.892,1158,573,4096,12.4,0.01344,0,GCP,0,1,GDPR,0.228,Claude
Code Generation,105,1731,Finance,1,1,0,1,0,2,5,0.035,0.819,0.391,0.28,0.706,206,312,16384,27.9,0.00722,0,AWS,0,1,GDPR,0.749,Mistral
Text Generation,531,686,Medical,1,0,0,0,1,4,1,0.072,0.964,0.92,0.514,0.733,1358,325,8192,25.5,0.01772,0,AWS,0,1,None,0.343,Claude
Code Generation,86,740,Finance,1,0,1,0,0,4,3,0.185,0.958,0.307,0.118,0.543,114,189,4096,10.8,0.01978,1,GCP,1,1,HIPAA,0.146,Claude
Classification,378,1199,Legal,1,0,1,0,1,2,5,0.21,0.709,0.836,0.783,0.786,597,389,4096,25.1,0.00671,0,Azure,0,0,None,0.9,GPT
Classification,44,1367,General,1,1,0,1,0,4,1,0.03,0.683,0.635,0.605,0.897,826,819,4096,4.9,0.01221,1,AWS,1,1,HIPAA,0.658,GPT
QA,909,610,Technical,0,1,1,1,1,3,3,0.187,0.939,0.244,0.634,0.564,256,905,8192,37.9,0.00324,0,GCP,0,1,GDPR,0.652,Claude
Summarization,924,1733,Legal,1,1,0,1,1,3,2,0.273,0.721,0.714,0.279,0.832,1407,727,16384,6.3,0.00378,1,AWS,1,1,GDPR,0.537,Claude
Text Generation,921,877,General,0,0,0,0,0,5,1,0.012,0.661,0.108,0.563,0.793,1128,542,8192,30.5,0.01212,1,OpenAI,1,1,GDPR,0.577,GPT
Classification,384,731,Medical,1,0,1,0,0,2,3,0.145,0.702,0.644,0.731,0.862,1242,30,16384,28.5,0.00966,1,GCP,1,0,GDPR,0.869,GPT
Classification,457,1524,Medical,1,1,0,1,0,3,1,0.065,0.71,0.518,0.248,0.695,1416,827,4096,28.4,0.01295,1,GCP,1,1,GDPR,0.604,Claude
Summarization,448,810,Technical,1,1,1,1,1,5,4,0.176,0.711,0.133,0.96,0.924,636,940,4096,14.2,0.00757,1,GCP,1,0,GDPR,0.676,GPT
QA,860,2023,Technical,1,1,1,0,1,1,3,0.108,0.65,0.421,0.688,0.639,285,948,8192,25.5,0.00747,1,OpenAI,0,1,None,0.864,GPT
Classification,351,901,Technical,1,1,0,1,0,3,2,0.17,0.892,0.11,0.375,0.61,1286,924,16384,10.1,0.0109,1,OpenAI,1,1,HIPAA,0.952,Claude
Text Generation,433,594,Finance,1,0,0,0,0,3,3,0.148,0.693,0.466,0.764,0.994,242,483,16384,4.4,0.0076,1,GCP,1,0,GDPR,0.323,Claude
QA,513,294,Technical,0,1,0,1,0,5,4,0.176,0.717,0.578,0.701,0.84,1017,815,8192,37.6,0.01836,0,AWS,0,1,None,0.937,Claude
Code Generation,546,196,Technical,0,1,1,0,0,3,1,0.222,0.693,0.546,0.139,0.579,1408,69,16384,24.3,0.00772,0,AWS,0,1,HIPAA,0.515,Mistral
Text Generation,937,624,Medical,1,1,0,0,0,3,2,0.204,0.754,0.773,0.735,0.563,301,415,4096,21.1,0.00345,0,OpenAI,0,0,HIPAA,0.419,GPT
Text Generation,886,1734,Finance,0,0,0,1,0,4,5,0.11,0.83,0.229,0.665,0.632,1201,338,4096,27.4,0.01486,0,Azure,1,1,GDPR,0.801,GPT
Text Generation,565,535,Medical,1,0,0,0,1,5,3,0.289,0.797,0.173,0.592,0.757,145,902,16384,22.9,0.00314,1,OpenAI,1,0,GDPR,0.642,Mistral
Text Generation,828,1264,General,1,1,0,1,1,3,2,0.175,0.761,0.708,0.795,0.648,854,471,8192,22.2,0.00881,0,AWS,0,1,GDPR,0.982,Mistral
Summarization,71,1637,Technical,0,0,0,1,1,4,3,0.196,0.664,0.407,0.852,0.671,364,904,16384,11.1,0.01301,1,OpenAI,1,1,None,0.276,Claude
Summarization,908,1251,Technical,0,0,1,1,0,3,5,0.133,0.874,0.705,0.18,0.749,316,389,4096,27.5,0.01633,0,OpenAI,1,1,HIPAA,0.618,Claude
Summarization,242,814,Technical,1,0,0,1,1,1,1,0.099,0.665,0.96,0.452,0.561,964,760,16384,7.3,0.00435,0,OpenAI,1,1,HIPAA,0.603,Mistral
Classification,755,276,General,1,0,0,1,0,1,3,0.017,0.857,0.838,0.779,0.785,273,577,8192,6.8,0.0063,1,GCP,1,0,None,0.225,GPT
Text Generation,55,1159,Finance,1,0,1,1,1,4,5,0.098,0.866,0.49,0.994,0.941,624,956,4096,14.9,0.01001,0,GCP,1,1,GDPR,0.352,GPT
Summarization,608,1513,General,1,1,0,0,0,1,5,0.287,0.845,0.629,0.334,0.872,425,330,8192,18.3,0.00795,1,GCP,0,0,GDPR,0.764,GPT
Text Generation,1022,1687,Legal,1,1,1,1,1,4,1,0.061,0.813,0.825,0.358,0.966,166,300,16384,33.6,0.01992,1,GCP,0,0,GDPR,0.293,Mistral
QA,735,946,Medical,0,1,0,1,0,5,3,0.103,0.615,0.562,0.257,0.512,654,919,8192,31.3,0.00337,0,GCP,0,0,None,0.879,Mistral
Summarization,117,1302,Technical,1,1,0,0,0,5,3,0.26,0.693,0.725,0.966,0.994,1216,734,4096,24.1,0.00873,1,AWS,0,0,None,0.849,Claude
Code Generation,451,1515,Medical,1,1,1,0,0,5,1,0.029,0.893,0.205,0.876,0.738,1290,717,4096,35.5,0.00563,1,GCP,0,1,None,0.399,Claude
Classification,442,319,Finance,0,1,1,0,1,5,4,0.245,0.73,0.119,0.313,0.658,324,443,16384,24.5,0.0135,0,Azure,1,1,None,0.23,Claude
Text Generation,691,1515,Legal,0,1,0,0,1,5,4,0.14,0.999,0.531,0.87,0.636,994,197,16384,25.5,0.00982,0,Azure,0,0,None,0.332,GPT
QA,867,567,Medical,1,0,0,0,1,4,3,0.276,0.907,0.986,0.706,0.926,882,877,16384,21.1,0.01317,0,GCP,0,1,None,0.889,Mistral
Summarization,342,228,Medical,1,1,0,1,0,1,5,0.03,0.667,0.604,0.1,0.532,1279,937,16384,6.8,0.00263,0,AWS,1,0,None,0.68,GPT
QA,322,1503,Technical,1,0,0,0,0,2,5,0.048,0.68,0.567,0.125,0.816,1354,866,4096,39.1,0.00744,1,AWS,1,0,None,0.95,GPT
Code Generation,712,996,Legal,0,0,1,0,0,5,5,0.256,0.703,0.598,0.692,0.983,258,500,4096,38.7,0.00296,1,OpenAI,1,0,GDPR,0.644,Mistral
QA,85,1002,Finance,1,0,0,1,0,4,2,0.19,0.643,0.723,0.458,0.546,900,471,4096,29.4,0.00363,1,OpenAI,0,0,None,0.454,Mistral
Classification,624,2020,Finance,0,1,1,0,1,5,5,0.199,0.87,0.479,0.271,0.792,656,51,8192,34.4,0.0073,0,Azure,0,0,None,0.196,GPT
QA,612,1536,Finance,1,0,0,1,1,1,4,0.051,0.859,0.545,0.185,0.905,1315,981,16384,18.8,0.01251,1,Azure,0,1,None,0.407,GPT
Summarization,720,1713,Technical,1,0,0,1,0,4,1,0.077,0.819,0.455,0.46,0.59,125,999,16384,19.0,0.01976,1,GCP,1,1,GDPR,0.583,Claude
Classification,875,646,Technical,0,0,1,0,1,3,3,0.258,0.655,0.312,0.437,0.789,1407,211,4096,24.7,0.00397,1,GCP,1,1,None,0.999,Claude
Text Generation,328,2046,Finance,1,1,0,1,1,3,3,0.187,0.735,0.963,0.209,0.818,1301,686,4096,37.5,0.0054,1,OpenAI,1,0,HIPAA,0.346,GPT
Summarization,437,1920,General,1,0,1,1,1,3,4,0.07,0.781,0.894,0.265,0.999,546,913,4096,15.0,0.00826,1,GCP,1,1,None,0.2,Mistral
QA,305,250,Legal,0,1,1,0,1,3,3,0.054,0.617,0.905,0.231,0.523,392,482,4096,27.3,0.01231,1,OpenAI,1,0,HIPAA,0.671,Claude
Text Generation,826,798,Finance,0,1,1,1,1,2,4,0.056,0.808,0.977,0.37,0.825,659,854,8192,9.6,0.00773,0,Azure,0,1,HIPAA,0.865,Mistral
Text Generation,950,41,Legal,0,1,1,0,1,3,3,0.173,0.812,0.672,0.303,0.52,880,762,8192,29.9,0.01309,0,GCP,1,1,HIPAA,0.626,GPT
Text Generation,457,569,Medical,1,0,1,1,1,4,2,0.254,0.716,0.755,0.208,0.569,976,152,16384,8.4,0.00961,1,Azure,1,0,HIPAA,0.757,GPT
QA,41,1639,General,1,0,1,1,0,4,2,0.201,0.998,0.893,0.503,0.68,223,426,8192,7.7,0.01145,0,Azure,1,0,HIPAA,0.113,Claude
Classification,125,604,Technical,1,0,1,0,1,3,4,0.296,0.82,0.263,0.366,0.562,716,276,4096,24.5,0.00459,0,GCP,1,1,GDPR,0.215,Mistral
Code Generation,722,794,Medical,1,0,0,1,1,1,2,0.211,0.631,0.828,0.58,0.698,188,797,8192,13.5,0.01159,1,GCP,0,0,HIPAA,0.575,Claude
Classification,992,1205,Finance,0,0,1,0,0,5,3,0.064,0.865,0.34,0.572,0.719,368,68,16384,37.9,0.014,0,Azure,0,0,GDPR,0.296,Claude
QA,182,576,Medical,1,0,1,0,1,3,3,0.249,0.995,0.987,0.726,0.654,1156,681,16384,14.5,0.00535,0,Azure,1,1,GDPR,0.167,Claude
Classification,724,1921,Legal,1,0,1,0,1,2,2,0.223,0.911,0.831,0.605,0.555,567,44,16384,35.5,0.01547,0,GCP,1,1,HIPAA,0.186,Mistral
Text Generation,60,270,Medical,0,1,1,1,1,5,5,0.2,0.971,0.819,0.218,0.615,765,209,8192,10.6,0.01953,0,Azure,0,0,GDPR,0.171,Mistral
Classification,445,1429,Medical,0,1,0,0,0,4,5,0.29,0.935,0.996,0.232,0.927,129,197,8192,37.8,0.00404,0,AWS,1,1,None,0.295,Mistral
Classification,652,750,Medical,0,1,0,1,0,1,4,0.266,0.931,0.44,0.378,0.872,673,109,8192,37.6,0.00945,1,GCP,1,0,HIPAA,0.446,Mistral
Code Generation,372,1954,Legal,1,0,0,1,1,2,3,0.068,0.922,0.48,0.764,0.819,932,791,16384,11.3,0.01907,1,AWS,0,0,HIPAA,0.383,Claude
Text Generation,792,758,Legal,0,0,0,1,1,4,4,0.019,0.626,0.134,0.739,0.682,658,323,4096,38.0,0.01984,1,AWS,0,1,GDPR,0.22,Claude
Code Generation,983,1122,General,1,1,1,0,1,2,1,0.085,0.853,0.761,0.349,0.683,180,219,4096,28.6,0.0028,0,Azure,1,0,None,0.775,Claude
Classification,833,621,Technical,0,1,0,0,1,1,3,0.158,0.797,0.783,0.224,0.617,1112,272,4096,29.4,0.00378,0,AWS,1,1,GDPR,0.436,Mistral
Text Generation,1021,1840,Medical,0,0,1,0,0,2,2,0.025,0.729,0.545,0.911,0.518,997,445,16384,10.9,0.00497,0,OpenAI,1,1,None,0.293,Claude
Code Generation,552,1234,Legal,0,0,1,1,0,5,5,0.161,0.819,0.936,0.336,0.917,1219,107,4096,29.2,0.00849,1,GCP,0,0,HIPAA,0.702,Claude
QA,446,319,Technical,0,1,1,1,1,3,2,0.232,0.871,0.753,0.344,0.67,1096,435,16384,19.5,0.01964,1,AWS,1,1,None,0.742,GPT
Classification,616,1482,Legal,1,1,0,1,0,3,4,0.112,0.824,0.864,0.134,0.574,84,759,4096,38.0,0.00429,1,GCP,0,1,None,0.638,Mistral
Classification,286,1067,Technical,0,1,0,1,0,2,3,0.073,0.826,0.816,0.335,0.775,1483,571,8192,8.8,0.01567,0,GCP,1,0,GDPR,0.797,Claude
Text Generation,396,930,Legal,1,0,1,1,0,3,2,0.268,0.804,0.473,0.852,0.618,730,41,4096,5.1,0.00331,0,AWS,1,0,HIPAA,0.857,Claude
Classification,984,1378,Finance,1,0,1,0,0,3,2,0.063,0.783,0.718,0.911,0.733,1062,178,16384,10.9,0.01613,1,GCP,1,0,None,0.284,GPT
Text Generation,271,136,Technical,0,1,0,0,0,1,3,0.265,0.643,0.415,0.42,0.948,1149,585,16384,36.8,0.00562,1,OpenAI,0,1,HIPAA,0.955,Mistral
Classification,404,1606,Finance,1,0,1,0,0,5,1,0.288,0.786,0.127,0.449,0.583,351,132,4096,15.8,0.00437,0,AWS,1,1,None,0.939,Mistral
Summarization,994,1172,Medical,0,0,1,1,1,5,1,0.243,0.716,0.765,0.933,0.659,146,656,4096,23.0,0.01902,0,OpenAI,1,0,HIPAA,0.573,GPT
QA,553,1783,Legal,1,1,1,1,1,2,1,0.088,0.669,0.749,0.314,0.87,933,681,16384,34.3,0.00719,0,OpenAI,1,0,GDPR,0.914,Mistral
Text Generation,475,113,General,1,0,1,0,0,4,2,0.171,0.948,0.743,0.865,0.565,813,900,8192,4.5,0.01404,0,OpenAI,0,0,HIPAA,0.759,Mistral
QA,286,1293,Finance,0,0,0,0,1,3,2,0.159,0.854,0.871,0.331,0.835,1401,168,8192,39.5,0.0091,0,AWS,1,1,HIPAA,0.795,Mistral
